experiment_id,result_type,seed,device,final_clean_accuracy,final_clean_loss,final_asr,aggregation,partition,attack,mitigation,detector_component,malicious_client_count,configured_malicious_fraction,realized_malicious_fraction,runtime_seconds
conventional-backdoor-mnist-iid-late20-20261004,federated,42,cpu,0.7724,0.688713028049469,0.18292682926829268,fedavg,iid,conventional_backdoor,none,,1,0.2,0.2,131.90449689992238
fedavg-fingerprint-smoke-20261004,federated,42,cpu,0.1056,2.2853276584625246,,fedavg,iid,none,none,,0,0.2,0.0,6.5509559999918565
fedavg-mnist-dirichlet-a01-20-20261004,federated,42,cpu,0.8095,0.5807869244575501,,fedavg,non_iid,none,none,,0,0.2,0.0,107.23005999997258
fedavg-mnist-iid-quick-10rounds-20261004,federated,42,cpu,0.6343,1.1359174110412598,,fedavg,iid,none,none,,0,0.2,0.0,56.71222250000574
fedavg-mnist-iid-quick-20261004,federated,42,cpu,0.2304,2.2224161594390868,,fedavg,iid,none,none,,0,0.2,0.0,16.34824690001551
fedavg-mnist-iid-quick-20rounds-20261004,federated,42,cpu,0.8554,0.46638440537452697,,fedavg,iid,none,none,,0,0.2,0.0,112.82882429996971
fedavg-mnist-iid-reference-20-20261004,federated,42,cpu,0.8554,0.46638440537452697,,fedavg,iid,none,none,,0,0.2,0.0,119.1783996000886
fedavg-mnist-iid-reference-seed21-20261004,federated,21,cpu,0.8302,0.5065064233779907,,fedavg,iid,none,none,,0,0.2,0.0,113.36952010006644
fedavg-mnist-iid-reference-seed7-20261004,federated,7,cpu,0.8639,0.4456044723033905,,fedavg,iid,none,none,,0,0.2,0.0,119.6251595999347
lsa-coordinate-median-late20-seed42-20261004,federated,42,cpu,0.8413,0.5056804861068726,0.0311529933481153,coordinate_median,iid,lsa_inspired,none,,1,0.2,0.2,127.36094329995103
lsa-inspired-high-malicious40-late20-seed42-20261004,federated,42,cpu,0.7184,0.8191329418182373,0.3148558758314856,fedavg,iid,lsa_inspired,none,,2,0.4,0.4,128.09878879995085
lsa-inspired-late-mnist-20-20261004,federated,42,cpu,0.7872,0.6517599781036377,0.16175166297117516,fedavg,iid,lsa_inspired,none,,1,0.2,0.2,128.94717079994734
lsa-inspired-late-mnist-seed21-20261004,federated,21,cpu,0.8572,0.475032429933548,0.025055432372505543,fedavg,iid,lsa_inspired,none,,1,0.2,0.2,125.57769730000291
lsa-inspired-late-mnist-seed7-20261004,federated,7,cpu,0.8332,0.5254901008605957,0.02350332594235033,fedavg,iid,lsa_inspired,none,,1,0.2,0.2,126.05652710003778
lsa-inspired-mnist-iid-quick-20-20261004,federated,42,cpu,0.8425,0.49926201038360596,0.02516629711751663,fedavg,iid,lsa_inspired,none,,1,0.2,0.2,174.28865050000604
lsa-inspired-noniid-alpha01-late20-seed42-20261004,federated,42,cpu,0.8055,0.5963527516365051,0.0458980044345898,fedavg,non_iid,lsa_inspired,none,,1,0.2,0.2,131.8073990000412
lsa-mnist-attack-smoke-20261004,federated,42,cpu,0.1049,2.254779527282715,0.0,fedavg,iid,lsa_inspired,none,,1,0.2,0.2,17.737699499935843
lsa-mnist-reject-smoke-20261004,federated,42,cpu,0.1052,2.258449052810669,,fedavg,iid,none,reject,,0,0.2,0.0,12.356060299905948
lsa-multi-krum-late20-seed42-20261004,federated,42,cpu,0.8444,0.4834335517883301,0.018736141906873616,multi_krum,iid,lsa_inspired,none,,1,0.2,0.2,132.179573200061
lsa-tclad-downweight-late20-attacked-20261004,federated,42,cpu,0.8513,0.4782883742809296,0.024390243902439025,fedavg,iid,lsa_inspired,down_weight,,1,0.2,0.2,128.68095609999727
lsa-tclad-reject-late20-20261004,federated,42,cpu,0.851,0.47058850665092467,,fedavg,iid,none,reject,,0,0.2,0.0,123.89624189992901
lsa-tclad-reject-late20-attacked-20261004,federated,42,cpu,0.7851,0.6522302240371705,0.13824833702882483,fedavg,iid,lsa_inspired,reject,,1,0.2,0.2,133.36973969999235
lsa-trimmed-mean-late20-seed42-20261004,federated,42,cpu,0.8383,0.5139980201244354,0.03713968957871397,trimmed_mean,iid,lsa_inspired,none,,1,0.2,0.2,132.53101989999413
tclad-ablation-seed42-20261004-down_weight-A_layer,federated,42,cpu,0.8234,0.5594976373672486,0.08902439024390243,fedavg,iid,lsa_inspired,down_weight,A_layer,1,0.2,0.2,131.33927050000057
tclad-ablation-seed42-20261004-down_weight-B_layer_temporal,federated,42,cpu,0.8262,0.5525273401260375,0.08259423503325942,fedavg,iid,lsa_inspired,down_weight,B_layer_temporal,1,0.2,0.2,131.33919400000013
tclad-ablation-seed42-20261004-down_weight-C_layer_cross_layer,federated,42,cpu,0.8197,0.5680013416290283,0.09567627494456762,fedavg,iid,lsa_inspired,down_weight,C_layer_cross_layer,1,0.2,0.2,136.04424000007566
tclad-ablation-seed42-20261004-down_weight-D_temporal_cross_layer,federated,42,cpu,0.8159,0.5770455360412597,0.10288248337028826,fedavg,iid,lsa_inspired,down_weight,D_temporal_cross_layer,1,0.2,0.2,136.87632510007825
tclad-ablation-seed42-20261004-down_weight-E_full_tclad,federated,42,cpu,0.8193,0.5695983008384704,0.09656319290465631,fedavg,iid,lsa_inspired,down_weight,E_full_tclad,1,0.2,0.2,145.8581774000777
tclad-downweight-bounded-seed42-20261004,federated,42,cpu,0.8193,0.5695983008384704,0.09656319290465631,fedavg,iid,lsa_inspired,down_weight,,1,0.2,0.2,142.15638249996118
tclad-reject-bounded-failclosed-seed42-20261004,federated,42,cpu,0.7818,0.6382118250846863,0.008203991130820399,fedavg,iid,lsa_inspired,reject,,1,0.2,0.2,139.82799130002968
tclad-reject-bounded-seed42-20261004,federated,42,cpu,0.7898,0.6400642518043518,0.14124168514412416,fedavg,iid,lsa_inspired,reject,,1,0.2,0.2,140.07517660001758
centralized-mnist-quick-20261004,centralized,42,cpu,0.7424,0.7850543160438538,,fedavg,iid,none,none,,0,0.2,0.0,
centralized-mnist-quick-20261004-rerun,centralized,42,cpu,0.7424,0.7850543160438538,,fedavg,iid,none,none,,0,0.2,0.0,8.506279299966991
