detection_rate,false_positive_rate,precision,recall,f1,benign_acceptance_rate,malicious_rejection_rate,roc_auc,pr_auc,method,threshold,detection_threshold_source,experiment
1.0,0.0,1.0,1.0,1.0,1.0,1.0,1.0,1.0,whole_update,1.091743476066882,benign validation rounds; 95.0th percentile,tclad-attack-smoke-final-20261004
0.5,0.75,0.1428571428571428,0.5,0.2222222222222222,0.25,0.5,0.375,0.225,A_layer_only,392.5097295173571,benign validation rounds; 95.0th percentile,tclad-attack-smoke-final-20261004
1.0,0.75,0.25,1.0,0.4,0.25,1.0,1.0,1.0,B_layer_temporal,903610.3087778392,benign validation rounds; 95.0th percentile,tclad-attack-smoke-final-20261004
0.5,0.75,0.1428571428571428,0.5,0.2222222222222222,0.25,0.5,0.3125,0.2083333333333333,C_layer_cross_layer,196.88665428670825,benign validation rounds; 95.0th percentile,tclad-attack-smoke-final-20261004
1.0,0.75,0.25,1.0,0.4,0.25,1.0,1.0,1.0,D_temporal_cross_layer,903610.535378357,benign validation rounds; 95.0th percentile,tclad-attack-smoke-final-20261004
1.0,0.75,0.25,1.0,0.4,0.25,1.0,1.0,1.0,temporal_only,1807219.7607416653,benign validation rounds; 95.0th percentile,tclad-attack-smoke-final-20261004
0.5,0.5,0.2,0.5,0.2857142857142857,0.5,0.5,0.4375,0.2428571428571428,cross_layer_only,2.226418895119034,benign validation rounds; 95.0th percentile,tclad-attack-smoke-final-20261004
1.0,0.75,0.25,1.0,0.4,0.25,1.0,1.0,1.0,E_full_tclad,602407.3091902424,benign validation rounds; 95.0th percentile,tclad-attack-smoke-final-20261004
1.0,0.0,1.0,1.0,1.0,1.0,1.0,1.0,1.0,whole_update,1.091743476066882,benign validation rounds; 95.0th percentile,tclad-attack-smoke-retry-20261004
0.5,0.75,0.1428571428571428,0.5,0.2222222222222222,0.25,0.5,0.375,0.225,A_layer_only,392.5097295173571,benign validation rounds; 95.0th percentile,tclad-attack-smoke-retry-20261004
1.0,0.75,0.25,1.0,0.4,0.25,1.0,1.0,1.0,B_layer_temporal,903610.3087778392,benign validation rounds; 95.0th percentile,tclad-attack-smoke-retry-20261004
0.5,0.75,0.1428571428571428,0.5,0.2222222222222222,0.25,0.5,0.3125,0.2083333333333333,C_layer_cross_layer,196.88665428670825,benign validation rounds; 95.0th percentile,tclad-attack-smoke-retry-20261004
1.0,0.75,0.25,1.0,0.4,0.25,1.0,1.0,1.0,D_temporal_cross_layer,903610.535378357,benign validation rounds; 95.0th percentile,tclad-attack-smoke-retry-20261004
1.0,0.75,0.25,1.0,0.4,0.25,1.0,1.0,1.0,temporal_only,1807219.7607416653,benign validation rounds; 95.0th percentile,tclad-attack-smoke-retry-20261004
0.5,0.5,0.2,0.5,0.2857142857142857,0.5,0.5,0.4375,0.2428571428571428,cross_layer_only,2.226418895119034,benign validation rounds; 95.0th percentile,tclad-attack-smoke-retry-20261004
1.0,0.75,0.25,1.0,0.4,0.25,1.0,1.0,1.0,E_full_tclad,602407.3091902424,benign validation rounds; 95.0th percentile,tclad-attack-smoke-retry-20261004
1.0,0.1368421052631579,0.2777777777777778,1.0,0.4347826086956521,0.8631578947368421,1.0,1.0,1.0,whole_update,1.091743476066882,benign validation rounds; 95.0th percentile,tclad-conventional-late-20-robust-scale-20261004
1.0,0.3789473684210526,0.1219512195121951,1.0,0.217391304347826,0.6210526315789474,1.0,1.0,1.0,A_layer_only,0.8637570565276098,benign validation rounds; 95.0th percentile,tclad-conventional-late-20-robust-scale-20261004
1.0,0.2526315789473684,0.1724137931034483,1.0,0.2941176470588235,0.7473684210526316,1.0,1.0,1.0,B_layer_temporal,1.640762419219122,benign validation rounds; 95.0th percentile,tclad-conventional-late-20-robust-scale-20261004
1.0,0.1473684210526315,0.2631578947368421,1.0,0.4166666666666667,0.8526315789473684,1.0,1.0,1.0,C_layer_cross_layer,1.4903868355556376,benign validation rounds; 95.0th percentile,tclad-conventional-late-20-robust-scale-20261004
1.0,0.2421052631578947,0.1785714285714285,1.0,0.303030303030303,0.7578947368421053,1.0,1.0,1.0,D_temporal_cross_layer,1.916656015203234,benign validation rounds; 95.0th percentile,tclad-conventional-late-20-robust-scale-20261004
1.0,0.2210526315789473,0.1923076923076923,1.0,0.3225806451612903,0.7789473684210526,1.0,1.0,1.0,temporal_only,2.3777875548023726,benign validation rounds; 95.0th percentile,tclad-conventional-late-20-robust-scale-20261004
1.0,0.1263157894736842,0.2941176470588235,1.0,0.4545454545454545,0.8736842105263158,1.0,0.9431578947368422,0.3574891774891774,cross_layer_only,2.226418895119034,benign validation rounds; 95.0th percentile,tclad-conventional-late-20-robust-scale-20261004
1.0,0.2631578947368421,0.1666666666666666,1.0,0.2857142857142857,0.7368421052631579,1.0,1.0,1.0,E_full_tclad,1.5790164380141132,benign validation rounds; 95.0th percentile,tclad-conventional-late-20-robust-scale-20261004
1.0,0.1263157894736842,0.2941176470588235,1.0,0.4545454545454545,0.8736842105263158,1.0,1.0,1.0,whole_update,0.519268239070385,benign validation rounds; 95.0th percentile,tclad-conventional-seed42-bounded-20261004
1.0,0.2947368421052631,0.1515151515151515,1.0,0.2631578947368421,0.7052631578947368,1.0,1.0,1.0,A_layer_only,0.4055564391517171,benign validation rounds; 95.0th percentile,tclad-conventional-seed42-bounded-20261004
1.0,0.3368421052631579,0.1351351351351351,1.0,0.238095238095238,0.6631578947368421,1.0,1.0,1.0,B_layer_temporal,0.3575417340136106,benign validation rounds; 95.0th percentile,tclad-conventional-seed42-bounded-20261004
1.0,0.2526315789473684,0.1724137931034483,1.0,0.2941176470588235,0.7473684210526316,1.0,1.0,1.0,C_layer_cross_layer,0.4401690761534578,benign validation rounds; 95.0th percentile,tclad-conventional-seed42-bounded-20261004
1.0,0.3473684210526316,0.131578947368421,1.0,0.2325581395348837,0.6526315789473685,1.0,1.0,1.0,D_temporal_cross_layer,0.4036160435165912,benign validation rounds; 95.0th percentile,tclad-conventional-seed42-bounded-20261004
1.0,0.3473684210526316,0.131578947368421,1.0,0.2325581395348837,0.6526315789473685,1.0,1.0,1.0,temporal_only,0.327642155735496,benign validation rounds; 95.0th percentile,tclad-conventional-seed42-bounded-20261004
1.0,0.2526315789473684,0.1724137931034483,1.0,0.2941176470588235,0.7473684210526316,1.0,0.9642105263157896,0.4523809523809523,cross_layer_only,0.5068162865995844,benign validation rounds; 95.0th percentile,tclad-conventional-seed42-bounded-20261004
1.0,0.3368421052631579,0.1351351351351351,1.0,0.238095238095238,0.6631578947368421,1.0,1.0,1.0,E_full_tclad,0.3971137923493277,benign validation rounds; 95.0th percentile,tclad-conventional-seed42-bounded-20261004
1.0,0.1333333333333333,0.4545454545454545,1.0,0.625,0.8666666666666667,1.0,0.9933333333333334,0.9625,whole_update,0.519268239070385,benign validation rounds; 95.0th percentile,tclad-high-fraction-seed42-bounded-20261004
1.0,0.3777777777777777,0.2272727272727272,1.0,0.3703703703703703,0.6222222222222222,1.0,1.0,1.0,A_layer_only,0.4055564391517171,benign validation rounds; 95.0th percentile,tclad-high-fraction-seed42-bounded-20261004
1.0,0.4333333333333333,0.2040816326530612,1.0,0.3389830508474576,0.5666666666666667,1.0,1.0,1.0,B_layer_temporal,0.3575417340136106,benign validation rounds; 95.0th percentile,tclad-high-fraction-seed42-bounded-20261004
1.0,0.3222222222222222,0.2564102564102564,1.0,0.4081632653061224,0.6777777777777778,1.0,0.9788888888888888,0.8482051282051281,C_layer_cross_layer,0.4401690761534578,benign validation rounds; 95.0th percentile,tclad-high-fraction-seed42-bounded-20261004
1.0,0.3222222222222222,0.2564102564102564,1.0,0.4081632653061224,0.6777777777777778,1.0,0.9911111111111112,0.9332467532467532,D_temporal_cross_layer,0.4036160435165912,benign validation rounds; 95.0th percentile,tclad-high-fraction-seed42-bounded-20261004
1.0,0.3222222222222222,0.2564102564102564,1.0,0.4081632653061224,0.6777777777777778,1.0,1.0,1.0,temporal_only,0.327642155735496,benign validation rounds; 95.0th percentile,tclad-high-fraction-seed42-bounded-20261004
1.0,0.2222222222222222,0.3333333333333333,1.0,0.5,0.7777777777777778,1.0,0.9266666666666666,0.427620440275239,cross_layer_only,0.5068162865995844,benign validation rounds; 95.0th percentile,tclad-high-fraction-seed42-bounded-20261004
1.0,0.3444444444444444,0.2439024390243902,1.0,0.392156862745098,0.6555555555555556,1.0,1.0,1.0,E_full_tclad,0.3971137923493277,benign validation rounds; 95.0th percentile,tclad-high-fraction-seed42-bounded-20261004
0.55,0.125,0.5238095238095238,0.55,0.5365853658536586,0.875,0.55,0.83375,0.6174706323951349,whole_update,1.091743476066882,benign validation rounds; 95.0th percentile,tclad-lsa-20rounds-20261004
0.3,0.3625,0.1714285714285714,0.3,0.2181818181818181,0.6375,0.3,0.615,0.2365731252029694,A_layer_only,392.5097295173571,benign validation rounds; 95.0th percentile,tclad-lsa-20rounds-20261004
1.0,0.425,0.3703703703703703,1.0,0.5405405405405406,0.575,1.0,0.980625,0.93766742979243,B_layer_temporal,903610.3087778392,benign validation rounds; 95.0th percentile,tclad-lsa-20rounds-20261004
0.3,0.3625,0.1714285714285714,0.3,0.2181818181818181,0.6375,0.3,0.565,0.2220809722758231,C_layer_cross_layer,196.88665428670825,benign validation rounds; 95.0th percentile,tclad-lsa-20rounds-20261004
1.0,0.425,0.3703703703703703,1.0,0.5405405405405406,0.575,1.0,0.980625,0.93766742979243,D_temporal_cross_layer,903610.535378357,benign validation rounds; 95.0th percentile,tclad-lsa-20rounds-20261004
1.0,0.425,0.3703703703703703,1.0,0.5405405405405406,0.575,1.0,0.980625,0.93766742979243,temporal_only,1807219.7607416653,benign validation rounds; 95.0th percentile,tclad-lsa-20rounds-20261004
0.1,0.1,0.2,0.1,0.1333333333333333,0.9,0.1,0.683125,0.3125283000690829,cross_layer_only,2.226418895119034,benign validation rounds; 95.0th percentile,tclad-lsa-20rounds-20261004
1.0,0.425,0.3703703703703703,1.0,0.5405405405405406,0.575,1.0,0.980625,0.93766742979243,E_full_tclad,602407.3091902424,benign validation rounds; 95.0th percentile,tclad-lsa-20rounds-20261004
1.0,0.1444444444444444,0.4347826086956521,1.0,0.6060606060606061,0.8555555555555555,1.0,0.9955555555555556,0.9714285714285714,whole_update,1.091743476066882,benign validation rounds; 95.0th percentile,tclad-lsa-high-malicious40-20261004
1.0,0.4444444444444444,0.2,1.0,0.3333333333333333,0.5555555555555556,1.0,1.0,1.0,A_layer_only,0.8637570565276098,benign validation rounds; 95.0th percentile,tclad-lsa-high-malicious40-20261004
1.0,0.2888888888888888,0.2777777777777778,1.0,0.4347826086956521,0.7111111111111111,1.0,1.0,1.0,B_layer_temporal,1.640762419219122,benign validation rounds; 95.0th percentile,tclad-lsa-high-malicious40-20261004
1.0,0.1888888888888888,0.3703703703703703,1.0,0.5405405405405406,0.8111111111111111,1.0,0.9866666666666666,0.8469769119769119,C_layer_cross_layer,1.4903868355556376,benign validation rounds; 95.0th percentile,tclad-lsa-high-malicious40-20261004
1.0,0.2666666666666666,0.2941176470588235,1.0,0.4545454545454545,0.7333333333333333,1.0,1.0,1.0,D_temporal_cross_layer,1.916656015203234,benign validation rounds; 95.0th percentile,tclad-lsa-high-malicious40-20261004
1.0,0.2555555555555555,0.303030303030303,1.0,0.4651162790697674,0.7444444444444445,1.0,1.0,1.0,temporal_only,2.3777875548023726,benign validation rounds; 95.0th percentile,tclad-lsa-high-malicious40-20261004
1.0,0.1,0.5263157894736842,1.0,0.6896551724137931,0.9,1.0,0.9355555555555556,0.4487789906172259,cross_layer_only,2.226418895119034,benign validation rounds; 95.0th percentile,tclad-lsa-high-malicious40-20261004
1.0,0.2888888888888888,0.2777777777777778,1.0,0.4347826086956521,0.7111111111111111,1.0,1.0,1.0,E_full_tclad,1.5790164380141132,benign validation rounds; 95.0th percentile,tclad-lsa-high-malicious40-20261004
1.0,0.1368421052631579,0.2777777777777778,1.0,0.4347826086956521,0.8631578947368421,1.0,1.0,1.0,whole_update,1.091743476066882,benign validation rounds; 95.0th percentile,tclad-lsa-late-20-20261004
0.2,0.2842105263157894,0.0357142857142857,0.2,0.0606060606060606,0.7157894736842105,0.2,0.7389473684210527,0.102614260943532,A_layer_only,392.5097295173571,benign validation rounds; 95.0th percentile,tclad-lsa-late-20-20261004
1.0,0.3368421052631579,0.1351351351351351,1.0,0.238095238095238,0.6631578947368421,1.0,0.9957894736842106,0.9428571428571428,B_layer_temporal,903610.3087778392,benign validation rounds; 95.0th percentile,tclad-lsa-late-20-20261004
0.2,0.2842105263157894,0.0357142857142857,0.2,0.0606060606060606,0.7157894736842105,0.2,0.7389473684210527,0.102614260943532,C_layer_cross_layer,196.88665428670825,benign validation rounds; 95.0th percentile,tclad-lsa-late-20-20261004
1.0,0.3368421052631579,0.1351351351351351,1.0,0.238095238095238,0.6631578947368421,1.0,0.9957894736842106,0.9428571428571428,D_temporal_cross_layer,903610.535378357,benign validation rounds; 95.0th percentile,tclad-lsa-late-20-20261004
1.0,0.3368421052631579,0.1351351351351351,1.0,0.238095238095238,0.6631578947368421,1.0,0.9957894736842106,0.9428571428571428,temporal_only,1807219.7607416653,benign validation rounds; 95.0th percentile,tclad-lsa-late-20-20261004
1.0,0.1263157894736842,0.2941176470588235,1.0,0.4545454545454545,0.8736842105263158,1.0,0.9578947368421054,0.4097979797979798,cross_layer_only,2.226418895119034,benign validation rounds; 95.0th percentile,tclad-lsa-late-20-20261004
1.0,0.3368421052631579,0.1351351351351351,1.0,0.238095238095238,0.6631578947368421,1.0,0.9957894736842106,0.9428571428571428,E_full_tclad,602407.3091902424,benign validation rounds; 95.0th percentile,tclad-lsa-late-20-20261004
1.0,0.1368421052631579,0.2777777777777778,1.0,0.4347826086956521,0.8631578947368421,1.0,1.0,1.0,whole_update,1.091743476066882,benign validation rounds; 95.0th percentile,tclad-lsa-late-20-robust-scale-20261004
1.0,0.4421052631578947,0.1063829787234042,1.0,0.1923076923076923,0.5578947368421052,1.0,0.9894736842105264,0.71,A_layer_only,0.8637570565276098,benign validation rounds; 95.0th percentile,tclad-lsa-late-20-robust-scale-20261004
1.0,0.2736842105263158,0.1612903225806451,1.0,0.2777777777777778,0.7263157894736842,1.0,1.0,1.0,B_layer_temporal,1.640762419219122,benign validation rounds; 95.0th percentile,tclad-lsa-late-20-robust-scale-20261004
1.0,0.1578947368421052,0.25,1.0,0.4,0.8421052631578947,1.0,0.983157894736842,0.6295238095238094,C_layer_cross_layer,1.4903868355556376,benign validation rounds; 95.0th percentile,tclad-lsa-late-20-robust-scale-20261004
1.0,0.2631578947368421,0.1666666666666666,1.0,0.2857142857142857,0.7368421052631579,1.0,1.0,1.0,D_temporal_cross_layer,1.916656015203234,benign validation rounds; 95.0th percentile,tclad-lsa-late-20-robust-scale-20261004
1.0,0.2421052631578947,0.1785714285714285,1.0,0.303030303030303,0.7578947368421053,1.0,1.0,1.0,temporal_only,2.3777875548023726,benign validation rounds; 95.0th percentile,tclad-lsa-late-20-robust-scale-20261004
1.0,0.1263157894736842,0.2941176470588235,1.0,0.4545454545454545,0.8736842105263158,1.0,0.9578947368421054,0.4097979797979798,cross_layer_only,2.226418895119034,benign validation rounds; 95.0th percentile,tclad-lsa-late-20-robust-scale-20261004
1.0,0.2842105263157894,0.15625,1.0,0.2702702702702703,0.7157894736842105,1.0,1.0,1.0,E_full_tclad,1.5790164380141132,benign validation rounds; 95.0th percentile,tclad-lsa-late-20-robust-scale-20261004
1.0,0.2105263157894736,0.2,1.0,0.3333333333333333,0.7894736842105263,1.0,1.0,1.0,whole_update,0.4632100338746924,benign validation rounds; 95.0th percentile,tclad-lsa-late-seed21-bounded-20261004
1.0,0.2105263157894736,0.2,1.0,0.3333333333333333,0.7894736842105263,1.0,1.0,1.0,A_layer_only,0.4942154321005771,benign validation rounds; 95.0th percentile,tclad-lsa-late-seed21-bounded-20261004
1.0,0.2210526315789473,0.1923076923076923,1.0,0.3225806451612903,0.7789473684210526,1.0,1.0,1.0,B_layer_temporal,0.4153228744758968,benign validation rounds; 95.0th percentile,tclad-lsa-late-seed21-bounded-20261004
1.0,0.1789473684210526,0.2272727272727272,1.0,0.3703703703703703,0.8210526315789474,1.0,1.0,1.0,C_layer_cross_layer,0.5219395003899393,benign validation rounds; 95.0th percentile,tclad-lsa-late-seed21-bounded-20261004
1.0,0.1263157894736842,0.2941176470588235,1.0,0.4545454545454545,0.8736842105263158,1.0,1.0,1.0,D_temporal_cross_layer,0.457414811440115,benign validation rounds; 95.0th percentile,tclad-lsa-late-seed21-bounded-20261004
1.0,0.1578947368421052,0.25,1.0,0.4,0.8421052631578947,1.0,1.0,1.0,temporal_only,0.3525093667792673,benign validation rounds; 95.0th percentile,tclad-lsa-late-seed21-bounded-20261004
1.0,0.0842105263157894,0.3846153846153846,1.0,0.5555555555555556,0.9157894736842104,1.0,0.9894736842105264,0.71,cross_layer_only,0.5991093548947423,benign validation rounds; 95.0th percentile,tclad-lsa-late-seed21-bounded-20261004
1.0,0.2,0.2083333333333333,1.0,0.3448275862068966,0.8,1.0,1.0,1.0,E_full_tclad,0.4612000638596915,benign validation rounds; 95.0th percentile,tclad-lsa-late-seed21-bounded-20261004
1.0,0.1263157894736842,0.2941176470588235,1.0,0.4545454545454545,0.8736842105263158,1.0,1.0,1.0,whole_update,0.519268239070385,benign validation rounds; 95.0th percentile,tclad-lsa-late-seed42-bounded-20261004
1.0,0.3263157894736842,0.1388888888888889,1.0,0.2439024390243902,0.6736842105263158,1.0,1.0,1.0,A_layer_only,0.4055564391517171,benign validation rounds; 95.0th percentile,tclad-lsa-late-seed42-bounded-20261004
1.0,0.4105263157894737,0.1136363636363636,1.0,0.2040816326530612,0.5894736842105263,1.0,1.0,1.0,B_layer_temporal,0.3575417340136106,benign validation rounds; 95.0th percentile,tclad-lsa-late-seed42-bounded-20261004
1.0,0.3473684210526316,0.131578947368421,1.0,0.2325581395348837,0.6526315789473685,1.0,1.0,1.0,C_layer_cross_layer,0.4401690761534578,benign validation rounds; 95.0th percentile,tclad-lsa-late-seed42-bounded-20261004
1.0,0.3473684210526316,0.131578947368421,1.0,0.2325581395348837,0.6526315789473685,1.0,1.0,1.0,D_temporal_cross_layer,0.4036160435165912,benign validation rounds; 95.0th percentile,tclad-lsa-late-seed42-bounded-20261004
1.0,0.3368421052631579,0.1351351351351351,1.0,0.238095238095238,0.6631578947368421,1.0,1.0,1.0,temporal_only,0.327642155735496,benign validation rounds; 95.0th percentile,tclad-lsa-late-seed42-bounded-20261004
1.0,0.2631578947368421,0.1666666666666666,1.0,0.2857142857142857,0.7368421052631579,1.0,0.9536842105263158,0.3812698412698412,cross_layer_only,0.5068162865995844,benign validation rounds; 95.0th percentile,tclad-lsa-late-seed42-bounded-20261004
1.0,0.3684210526315789,0.125,1.0,0.2222222222222222,0.631578947368421,1.0,1.0,1.0,E_full_tclad,0.3971137923493277,benign validation rounds; 95.0th percentile,tclad-lsa-late-seed42-bounded-20261004
1.0,0.2631578947368421,0.1666666666666666,1.0,0.2857142857142857,0.7368421052631579,1.0,1.0,1.0,whole_update,0.7316471582972601,benign validation rounds; 95.0th percentile,tclad-lsa-late-seed7-20261004
1.0,0.0947368421052631,0.3571428571428571,1.0,0.5263157894736842,0.9052631578947368,1.0,1.0,1.0,A_layer_only,1.638054744767112,benign validation rounds; 95.0th percentile,tclad-lsa-late-seed7-20261004
1.0,0.0736842105263157,0.4166666666666667,1.0,0.5882352941176471,0.9263157894736842,1.0,1.0,1.0,B_layer_temporal,174493.7803876107,benign validation rounds; 95.0th percentile,tclad-lsa-late-seed7-20261004
1.0,0.1789473684210526,0.2272727272727272,1.0,0.3703703703703703,0.8210526315789474,1.0,1.0,1.0,C_layer_cross_layer,1.9496730686499213,benign validation rounds; 95.0th percentile,tclad-lsa-late-seed7-20261004
1.0,0.0736842105263157,0.4166666666666667,1.0,0.5882352941176471,0.9263157894736842,1.0,1.0,1.0,D_temporal_cross_layer,174494.0569008467,benign validation rounds; 95.0th percentile,tclad-lsa-late-seed7-20261004
1.0,0.0736842105263157,0.4166666666666667,1.0,0.5882352941176471,0.9263157894736842,1.0,1.0,1.0,temporal_only,348986.0261353808,benign validation rounds; 95.0th percentile,tclad-lsa-late-seed7-20261004
1.0,0.2105263157894736,0.2,1.0,0.3333333333333333,0.7894736842105263,1.0,0.9894736842105264,0.71,cross_layer_only,2.27237315802736,benign validation rounds; 95.0th percentile,tclad-lsa-late-seed7-20261004
1.0,0.0736842105263157,0.4166666666666667,1.0,0.5882352941176471,0.9263157894736842,1.0,1.0,1.0,E_full_tclad,116329.88281384468,benign validation rounds; 95.0th percentile,tclad-lsa-late-seed7-20261004
1.0,0.2736842105263158,0.1612903225806451,1.0,0.2777777777777778,0.7263157894736842,1.0,1.0,1.0,whole_update,0.4166413772094405,benign validation rounds; 95.0th percentile,tclad-lsa-late-seed7-bounded-20261004
1.0,0.031578947368421,0.625,1.0,0.7692307692307693,0.968421052631579,1.0,1.0,1.0,A_layer_only,0.5036719612762903,benign validation rounds; 95.0th percentile,tclad-lsa-late-seed7-bounded-20261004
1.0,0.0631578947368421,0.4545454545454545,1.0,0.625,0.936842105263158,1.0,1.0,1.0,B_layer_temporal,0.4342372263499004,benign validation rounds; 95.0th percentile,tclad-lsa-late-seed7-bounded-20261004
1.0,0.1894736842105263,0.217391304347826,1.0,0.3571428571428571,0.8105263157894737,1.0,1.0,1.0,C_layer_cross_layer,0.5170460809269503,benign validation rounds; 95.0th percentile,tclad-lsa-late-seed7-bounded-20261004
1.0,0.1894736842105263,0.217391304347826,1.0,0.3571428571428571,0.8105263157894737,1.0,1.0,1.0,D_temporal_cross_layer,0.4643932042883185,benign validation rounds; 95.0th percentile,tclad-lsa-late-seed7-bounded-20261004
1.0,0.1894736842105263,0.217391304347826,1.0,0.3571428571428571,0.8105263157894737,1.0,1.0,1.0,temporal_only,0.3696452169027819,benign validation rounds; 95.0th percentile,tclad-lsa-late-seed7-bounded-20261004
1.0,0.1894736842105263,0.217391304347826,1.0,0.3571428571428571,0.8105263157894737,1.0,0.9515789473684212,0.3714646464646464,cross_layer_only,0.5665528663330067,benign validation rounds; 95.0th percentile,tclad-lsa-late-seed7-bounded-20261004
1.0,0.1789473684210526,0.2272727272727272,1.0,0.3703703703703703,0.8210526315789474,1.0,1.0,1.0,E_full_tclad,0.4677049634404914,benign validation rounds; 95.0th percentile,tclad-lsa-late-seed7-bounded-20261004
0.0,0.0736842105263157,0.0,0.0,0.0,0.9263157894736842,0.0,0.448421052631579,0.0530918496334314,whole_update,2.1632980385517278,benign validation rounds; 95.0th percentile,tclad-lsa-noniid-alpha01-20261004
1.0,0.0526315789473684,0.5,1.0,0.6666666666666666,0.9473684210526316,1.0,1.0,1.0,A_layer_only,1.639114742871054,benign validation rounds; 95.0th percentile,tclad-lsa-noniid-alpha01-20261004
0.4,0.031578947368421,0.4,0.4,0.4,0.968421052631579,0.4,0.9578947368421052,0.4121789321789321,B_layer_temporal,661482.5144113636,benign validation rounds; 95.0th percentile,tclad-lsa-noniid-alpha01-20261004
1.0,0.031578947368421,0.625,1.0,0.7692307692307693,0.968421052631579,1.0,1.0,1.0,C_layer_cross_layer,1.7134822679623842,benign validation rounds; 95.0th percentile,tclad-lsa-noniid-alpha01-20261004
0.4,0.031578947368421,0.4,0.4,0.4,0.968421052631579,0.4,0.9578947368421052,0.4121789321789321,D_temporal_cross_layer,661482.4902683555,benign validation rounds; 95.0th percentile,tclad-lsa-noniid-alpha01-20261004
0.4,0.031578947368421,0.4,0.4,0.4,0.968421052631579,0.4,0.9578947368421052,0.4121789321789321,temporal_only,1322964.0655944643,benign validation rounds; 95.0th percentile,tclad-lsa-noniid-alpha01-20261004
0.0,0.0526315789473684,0.0,0.0,0.0,0.9473684210526316,0.0,0.6442105263157893,0.0795797721649114,cross_layer_only,1.7312268884732864,benign validation rounds; 95.0th percentile,tclad-lsa-noniid-alpha01-20261004
0.4,0.031578947368421,0.4,0.4,0.4,0.968421052631579,0.4,0.9578947368421052,0.4121789321789321,E_full_tclad,440988.6479216579,benign validation rounds; 95.0th percentile,tclad-lsa-noniid-alpha01-20261004
0.0,0.0736842105263157,0.0,0.0,0.0,0.9263157894736842,0.0,0.3705263157894737,0.0465515370942606,whole_update,0.6776500392195626,benign validation rounds; 95.0th percentile,tclad-noniid-seed42-bounded-20261004
0.0,0.0736842105263157,0.0,0.0,0.0,0.9263157894736842,0.0,0.4989473684210526,0.0574657821336189,A_layer_only,0.4982775069337329,benign validation rounds; 95.0th percentile,tclad-noniid-seed42-bounded-20261004
0.0,0.2,0.0,0.0,0.0,0.8,0.0,0.5536842105263159,0.0637339495713449,B_layer_temporal,0.4001307674351326,benign validation rounds; 95.0th percentile,tclad-noniid-seed42-bounded-20261004
0.0,0.0421052631578947,0.0,0.0,0.0,0.9578947368421052,0.0,0.7242105263157895,0.0973544973544973,C_layer_cross_layer,0.5013097438101038,benign validation rounds; 95.0th percentile,tclad-noniid-seed42-bounded-20261004
0.2,0.1684210526315789,0.0588235294117647,0.2,0.0909090909090909,0.8315789473684211,0.2,0.8105263157894738,0.1342068686462279,D_temporal_cross_layer,0.4078725645493452,benign validation rounds; 95.0th percentile,tclad-noniid-seed42-bounded-20261004
0.0,0.1368421052631579,0.0,0.0,0.0,0.8631578947368421,0.0,0.608421052631579,0.0705763522836693,temporal_only,0.362990315947219,benign validation rounds; 95.0th percentile,tclad-noniid-seed42-bounded-20261004
0.0,0.0421052631578947,0.0,0.0,0.0,0.9578947368421052,0.0,0.8147368421052632,0.1387695368002273,cross_layer_only,0.5162168259961456,benign validation rounds; 95.0th percentile,tclad-noniid-seed42-bounded-20261004
0.0,0.1473684210526315,0.0,0.0,0.0,0.8526315789473684,0.0,0.7073684210526316,0.0932258908665442,E_full_tclad,0.4295796579870532,benign validation rounds; 95.0th percentile,tclad-noniid-seed42-bounded-20261004
1.0,0.1473684210526315,0.2631578947368421,1.0,0.4166666666666667,0.8526315789473684,1.0,1.0,1.0,whole_update,1.079310666195915,benign validation rounds; 90th percentile,p90
1.0,0.4526315789473684,0.1041666666666666,1.0,0.1886792452830188,0.5473684210526316,1.0,0.9894736842105264,0.71,A_layer_only,0.8615354184648939,benign validation rounds; 90th percentile,p90
1.0,0.3052631578947368,0.1470588235294117,1.0,0.2564102564102564,0.6947368421052632,1.0,1.0,1.0,B_layer_temporal,1.5348510197982896,benign validation rounds; 90th percentile,p90
1.0,0.2,0.2083333333333333,1.0,0.3448275862068966,0.8,1.0,0.983157894736842,0.6295238095238094,C_layer_cross_layer,1.4248186125164022,benign validation rounds; 90th percentile,p90
1.0,0.3052631578947368,0.1470588235294117,1.0,0.2564102564102564,0.6947368421052632,1.0,1.0,1.0,D_temporal_cross_layer,1.820311234139326,benign validation rounds; 90th percentile,p90
1.0,0.2526315789473684,0.1724137931034483,1.0,0.2941176470588235,0.7473684210526316,1.0,1.0,1.0,temporal_only,2.2241413792621176,benign validation rounds; 90th percentile,p90
1.0,0.1368421052631579,0.2777777777777778,1.0,0.4347826086956521,0.8631578947368421,1.0,0.9578947368421054,0.4097979797979798,cross_layer_only,2.209647628535462,benign validation rounds; 90th percentile,p90
1.0,0.3052631578947368,0.1470588235294117,1.0,0.2564102564102564,0.6947368421052632,1.0,1.0,1.0,E_full_tclad,1.4953943762043709,benign validation rounds; 90th percentile,p90
1.0,0.1368421052631579,0.2777777777777778,1.0,0.4347826086956521,0.8631578947368421,1.0,1.0,1.0,whole_update,1.091743476066882,benign validation rounds; 95th percentile,p95
1.0,0.4421052631578947,0.1063829787234042,1.0,0.1923076923076923,0.5578947368421052,1.0,0.9894736842105264,0.71,A_layer_only,0.8637570565276098,benign validation rounds; 95th percentile,p95
1.0,0.2736842105263158,0.1612903225806451,1.0,0.2777777777777778,0.7263157894736842,1.0,1.0,1.0,B_layer_temporal,1.640762419219122,benign validation rounds; 95th percentile,p95
1.0,0.1578947368421052,0.25,1.0,0.4,0.8421052631578947,1.0,0.983157894736842,0.6295238095238094,C_layer_cross_layer,1.4903868355556376,benign validation rounds; 95th percentile,p95
1.0,0.2631578947368421,0.1666666666666666,1.0,0.2857142857142857,0.7368421052631579,1.0,1.0,1.0,D_temporal_cross_layer,1.916656015203234,benign validation rounds; 95th percentile,p95
1.0,0.2421052631578947,0.1785714285714285,1.0,0.303030303030303,0.7578947368421053,1.0,1.0,1.0,temporal_only,2.3777875548023726,benign validation rounds; 95th percentile,p95
1.0,0.1263157894736842,0.2941176470588235,1.0,0.4545454545454545,0.8736842105263158,1.0,0.9578947368421054,0.4097979797979798,cross_layer_only,2.226418895119034,benign validation rounds; 95th percentile,p95
1.0,0.2842105263157894,0.15625,1.0,0.2702702702702703,0.7157894736842105,1.0,1.0,1.0,E_full_tclad,1.5790164380141132,benign validation rounds; 95th percentile,p95
1.0,0.1157894736842105,0.3125,1.0,0.4761904761904761,0.8842105263157894,1.0,1.0,1.0,whole_update,1.1411170934375618,benign validation rounds; 97.5th percentile,p97_5
1.0,0.4210526315789473,0.1111111111111111,1.0,0.2,0.5789473684210527,1.0,0.9894736842105264,0.71,A_layer_only,0.8841370858385831,benign validation rounds; 97.5th percentile,p97_5
1.0,0.2526315789473684,0.1724137931034483,1.0,0.2941176470588235,0.7473684210526316,1.0,1.0,1.0,B_layer_temporal,1.669913080975553,benign validation rounds; 97.5th percentile,p97_5
1.0,0.1473684210526315,0.2631578947368421,1.0,0.4166666666666667,0.8526315789473684,1.0,0.983157894736842,0.6295238095238094,C_layer_cross_layer,1.5225506387833108,benign validation rounds; 97.5th percentile,p97_5
1.0,0.2421052631578947,0.1785714285714285,1.0,0.303030303030303,0.7578947368421053,1.0,1.0,1.0,D_temporal_cross_layer,2.0051236832516968,benign validation rounds; 97.5th percentile,p97_5
1.0,0.231578947368421,0.1851851851851851,1.0,0.3125,0.7684210526315789,1.0,1.0,1.0,temporal_only,2.453131095158922,benign validation rounds; 97.5th percentile,p97_5
1.0,0.1157894736842105,0.3125,1.0,0.4761904761904761,0.8842105263157894,1.0,0.9578947368421054,0.4097979797979798,cross_layer_only,2.234524310612972,benign validation rounds; 97.5th percentile,p97_5
1.0,0.2631578947368421,0.1666666666666666,1.0,0.2857142857142857,0.7368421052631579,1.0,1.0,1.0,E_full_tclad,1.632314144431859,benign validation rounds; 97.5th percentile,p97_5
1.0,0.1157894736842105,0.3125,1.0,0.4761904761904761,0.8842105263157894,1.0,1.0,1.0,whole_update,1.1835629645278738,benign validation rounds; 99th percentile,p99
1.0,0.4105263157894737,0.1136363636363636,1.0,0.2040816326530612,0.5894736842105263,1.0,0.9894736842105264,0.71,A_layer_only,0.9021281880373012,benign validation rounds; 99th percentile,p99
1.0,0.2526315789473684,0.1724137931034483,1.0,0.2941176470588235,0.7473684210526316,1.0,1.0,1.0,B_layer_temporal,1.6802121655206392,benign validation rounds; 99th percentile,p99
1.0,0.1368421052631579,0.2777777777777778,1.0,0.4347826086956521,0.8631578947368421,1.0,0.983157894736842,0.6295238095238094,C_layer_cross_layer,1.5373606102896045,benign validation rounds; 99th percentile,p99
1.0,0.231578947368421,0.1851851851851851,1.0,0.3125,0.7684210526315789,1.0,1.0,1.0,D_temporal_cross_layer,2.070999677695279,benign validation rounds; 99th percentile,p99
1.0,0.231578947368421,0.1851851851851851,1.0,0.3125,0.7684210526315789,1.0,1.0,1.0,temporal_only,2.4984137346889312,benign validation rounds; 99th percentile,p99
1.0,0.1157894736842105,0.3125,1.0,0.4761904761904761,0.8842105263157894,1.0,0.9578947368421054,0.4097979797979798,cross_layer_only,2.2383074008918133,benign validation rounds; 99th percentile,p99
1.0,0.2631578947368421,0.1666666666666666,1.0,0.2857142857142857,0.7368421052631579,1.0,1.0,1.0,E_full_tclad,1.668003317247635,benign validation rounds; 99th percentile,p99
1.0,0.1157894736842105,0.3125,1.0,0.4761904761904761,0.8842105263157894,1.0,1.0,1.0,whole_update,1.1835629645278738,benign validation rounds; 99.0th percentile,p99_complete
1.0,0.4105263157894737,0.1136363636363636,1.0,0.2040816326530612,0.5894736842105263,1.0,0.9894736842105264,0.71,A_layer_only,0.9021281880373012,benign validation rounds; 99.0th percentile,p99_complete
1.0,0.2526315789473684,0.1724137931034483,1.0,0.2941176470588235,0.7473684210526316,1.0,1.0,1.0,B_layer_temporal,1.6802121655206392,benign validation rounds; 99.0th percentile,p99_complete
1.0,0.1368421052631579,0.2777777777777778,1.0,0.4347826086956521,0.8631578947368421,1.0,0.983157894736842,0.6295238095238094,C_layer_cross_layer,1.5373606102896045,benign validation rounds; 99.0th percentile,p99_complete
1.0,0.231578947368421,0.1851851851851851,1.0,0.3125,0.7684210526315789,1.0,1.0,1.0,D_temporal_cross_layer,2.070999677695279,benign validation rounds; 99.0th percentile,p99_complete
1.0,0.231578947368421,0.1851851851851851,1.0,0.3125,0.7684210526315789,1.0,1.0,1.0,temporal_only,2.4984137346889312,benign validation rounds; 99.0th percentile,p99_complete
1.0,0.1157894736842105,0.3125,1.0,0.4761904761904761,0.8842105263157894,1.0,0.9578947368421054,0.4097979797979798,cross_layer_only,2.2383074008918133,benign validation rounds; 99.0th percentile,p99_complete
1.0,0.2631578947368421,0.1666666666666666,1.0,0.2857142857142857,0.7368421052631579,1.0,1.0,1.0,E_full_tclad,1.668003317247635,benign validation rounds; 99.0th percentile,p99_complete
1.0,0.1473684210526315,0.2631578947368421,1.0,0.4166666666666667,0.8526315789473684,1.0,1.0,1.0,whole_update,1.079310666195915,benign validation rounds; 90.0th percentile,p90_0
1.0,0.6,0.0806451612903225,1.0,0.1492537313432835,0.4,1.0,0.7389473684210527,0.102614260943532,A_layer_only,0.8878586513068325,benign validation rounds; 90.0th percentile,p90_0
1.0,0.3473684210526316,0.131578947368421,1.0,0.2325581395348837,0.6526315789473685,1.0,0.9957894736842106,0.9428571428571428,B_layer_temporal,882458.3807347436,benign validation rounds; 90.0th percentile,p90_0
1.0,0.3578947368421052,0.1282051282051282,1.0,0.2272727272727272,0.6421052631578947,1.0,0.7389473684210527,0.102614260943532,C_layer_cross_layer,1.5209277070017129,benign validation rounds; 90.0th percentile,p90_0
1.0,0.3473684210526316,0.131578947368421,1.0,0.2325581395348837,0.6526315789473685,1.0,0.9957894736842106,0.9428571428571428,D_temporal_cross_layer,882458.528655842,benign validation rounds; 90.0th percentile,p90_0
1.0,0.3473684210526316,0.131578947368421,1.0,0.2325581395348837,0.6526315789473685,1.0,0.9957894736842106,0.9428571428571428,temporal_only,1764915.9481097418,benign validation rounds; 90.0th percentile,p90_0
1.0,0.1368421052631579,0.2777777777777778,1.0,0.4347826086956521,0.8631578947368421,1.0,0.9578947368421054,0.4097979797979798,cross_layer_only,2.209647628535462,benign validation rounds; 90.0th percentile,p90_0
1.0,0.3473684210526316,0.131578947368421,1.0,0.2325581395348837,0.6526315789473685,1.0,0.9957894736842106,0.9428571428571428,E_full_tclad,588305.9568904763,benign validation rounds; 90.0th percentile,p90_0
1.0,0.1368421052631579,0.2777777777777778,1.0,0.4347826086956521,0.8631578947368421,1.0,1.0,1.0,whole_update,1.091743476066882,benign validation rounds; 95.0th percentile,p95_0
0.2,0.2842105263157894,0.0357142857142857,0.2,0.0606060606060606,0.7157894736842105,0.2,0.7389473684210527,0.102614260943532,A_layer_only,392.5097295173571,benign validation rounds; 95.0th percentile,p95_0
1.0,0.3368421052631579,0.1351351351351351,1.0,0.238095238095238,0.6631578947368421,1.0,0.9957894736842106,0.9428571428571428,B_layer_temporal,903610.3087778392,benign validation rounds; 95.0th percentile,p95_0
0.2,0.2842105263157894,0.0357142857142857,0.2,0.0606060606060606,0.7157894736842105,0.2,0.7389473684210527,0.102614260943532,C_layer_cross_layer,196.88665428670825,benign validation rounds; 95.0th percentile,p95_0
1.0,0.3368421052631579,0.1351351351351351,1.0,0.238095238095238,0.6631578947368421,1.0,0.9957894736842106,0.9428571428571428,D_temporal_cross_layer,903610.535378357,benign validation rounds; 95.0th percentile,p95_0
1.0,0.3368421052631579,0.1351351351351351,1.0,0.238095238095238,0.6631578947368421,1.0,0.9957894736842106,0.9428571428571428,temporal_only,1807219.7607416653,benign validation rounds; 95.0th percentile,p95_0
1.0,0.1263157894736842,0.2941176470588235,1.0,0.4545454545454545,0.8736842105263158,1.0,0.9578947368421054,0.4097979797979798,cross_layer_only,2.226418895119034,benign validation rounds; 95.0th percentile,p95_0
1.0,0.3368421052631579,0.1351351351351351,1.0,0.238095238095238,0.6631578947368421,1.0,0.9957894736842106,0.9428571428571428,E_full_tclad,602407.3091902424,benign validation rounds; 95.0th percentile,p95_0
1.0,0.1157894736842105,0.3125,1.0,0.4761904761904761,0.8842105263157894,1.0,1.0,1.0,whole_update,1.1411170934375618,benign validation rounds; 97.5th percentile,p97_5
0.2,0.2421052631578947,0.0416666666666666,0.2,0.0689655172413793,0.7578947368421053,0.2,0.7389473684210527,0.102614260943532,A_layer_only,490.4349512605655,benign validation rounds; 97.5th percentile,p97_5
1.0,0.2842105263157894,0.15625,1.0,0.2702702702702703,0.7157894736842105,1.0,0.9957894736842106,0.9428571428571428,B_layer_temporal,1036472.9959137164,benign validation rounds; 97.5th percentile,p97_5
0.2,0.231578947368421,0.0434782608695652,0.2,0.0714285714285714,0.7684210526315789,0.2,0.7389473684210527,0.102614260943532,C_layer_cross_layer,245.75072436626527,benign validation rounds; 97.5th percentile,p97_5
1.0,0.2842105263157894,0.15625,1.0,0.2702702702702703,0.7157894736842105,1.0,0.9957894736842106,0.9428571428571428,D_temporal_cross_layer,1036473.2792228592,benign validation rounds; 97.5th percentile,p97_5
1.0,0.2842105263157894,0.15625,1.0,0.2702702702702703,0.7157894736842105,1.0,0.9957894736842106,0.9428571428571428,temporal_only,2072945.1139507247,benign validation rounds; 97.5th percentile,p97_5
1.0,0.1157894736842105,0.3125,1.0,0.4761904761904761,0.8842105263157894,1.0,0.9578947368421054,0.4097979797979798,cross_layer_only,2.234524310612972,benign validation rounds; 97.5th percentile,p97_5
1.0,0.2842105263157894,0.15625,1.0,0.2702702702702703,0.7157894736842105,1.0,0.9957894736842106,0.9428571428571428,E_full_tclad,690982.478774142,benign validation rounds; 97.5th percentile,p97_5
1.0,0.1157894736842105,0.3125,1.0,0.4761904761904761,0.8842105263157894,1.0,1.0,1.0,whole_update,1.1835629645278738,benign validation rounds; 99.0th percentile,p99_0
0.2,0.2421052631578947,0.0416666666666666,0.2,0.0689655172413793,0.7578947368421053,0.2,0.7389473684210527,0.102614260943532,A_layer_only,490.4572217591872,benign validation rounds; 99.0th percentile,p99_0
1.0,0.231578947368421,0.1851851851851851,1.0,0.3125,0.7684210526315789,1.0,0.9957894736842106,0.9428571428571428,B_layer_temporal,1155290.4674536942,benign validation rounds; 99.0th percentile,p99_0
0.2,0.231578947368421,0.0434782608695652,0.2,0.0714285714285714,0.7684210526315789,0.2,0.7389473684210527,0.102614260943532,C_layer_cross_layer,245.7762523546536,benign validation rounds; 99.0th percentile,p99_0
1.0,0.231578947368421,0.1851851851851851,1.0,0.3125,0.7684210526315789,1.0,0.9957894736842106,0.9428571428571428,D_temporal_cross_layer,1155290.7467423547,benign validation rounds; 99.0th percentile,p99_0
1.0,0.231578947368421,0.1851851851851851,1.0,0.3125,0.7684210526315789,1.0,0.9957894736842106,0.9428571428571428,temporal_only,2310580.0390631817,benign validation rounds; 99.0th percentile,p99_0
1.0,0.1157894736842105,0.3125,1.0,0.4761904761904761,0.8842105263157894,1.0,0.9578947368421054,0.4097979797979798,cross_layer_only,2.2383074008918133,benign validation rounds; 99.0th percentile,p99_0
1.0,0.231578947368421,0.1851851851851851,1.0,0.3125,0.7684210526315789,1.0,0.9957894736842106,0.9428571428571428,E_full_tclad,770194.129776305,benign validation rounds; 99.0th percentile,p99_0
1.0,0.1473684210526315,0.2631578947368421,1.0,0.4166666666666667,0.8526315789473684,1.0,1.0,1.0,whole_update,0.5147385510677729,benign validation rounds; 90.0th percentile,p90_0
1.0,0.3789473684210526,0.1219512195121951,1.0,0.217391304347826,0.6210526315789474,1.0,1.0,1.0,A_layer_only,0.3916264755356711,benign validation rounds; 90.0th percentile,p90_0
1.0,0.4210526315789473,0.1111111111111111,1.0,0.2,0.5789473684210527,1.0,1.0,1.0,B_layer_temporal,0.3539713679731711,benign validation rounds; 90.0th percentile,p90_0
1.0,0.3789473684210526,0.1219512195121951,1.0,0.217391304347826,0.6210526315789474,1.0,1.0,1.0,C_layer_cross_layer,0.43219303719647,benign validation rounds; 90.0th percentile,p90_0
1.0,0.3578947368421052,0.1282051282051282,1.0,0.2272727272727272,0.6421052631578947,1.0,1.0,1.0,D_temporal_cross_layer,0.4025665526477069,benign validation rounds; 90.0th percentile,p90_0
1.0,0.3578947368421052,0.1282051282051282,1.0,0.2272727272727272,0.6421052631578947,1.0,1.0,1.0,temporal_only,0.3248826810359477,benign validation rounds; 90.0th percentile,p90_0
1.0,0.3368421052631579,0.1351351351351351,1.0,0.238095238095238,0.6631578947368421,1.0,0.9536842105263158,0.3812698412698412,cross_layer_only,0.4940270614501866,benign validation rounds; 90.0th percentile,p90_0
1.0,0.4421052631578947,0.1063829787234042,1.0,0.1923076923076923,0.5578947368421052,1.0,1.0,1.0,E_full_tclad,0.3897025748619936,benign validation rounds; 90.0th percentile,p90_0
1.0,0.1263157894736842,0.2941176470588235,1.0,0.4545454545454545,0.8736842105263158,1.0,1.0,1.0,whole_update,0.519268239070385,benign validation rounds; 95.0th percentile,p95_0
1.0,0.3263157894736842,0.1388888888888889,1.0,0.2439024390243902,0.6736842105263158,1.0,1.0,1.0,A_layer_only,0.4055564391517171,benign validation rounds; 95.0th percentile,p95_0
1.0,0.4105263157894737,0.1136363636363636,1.0,0.2040816326530612,0.5894736842105263,1.0,1.0,1.0,B_layer_temporal,0.3575417340136106,benign validation rounds; 95.0th percentile,p95_0
1.0,0.3473684210526316,0.131578947368421,1.0,0.2325581395348837,0.6526315789473685,1.0,1.0,1.0,C_layer_cross_layer,0.4401690761534578,benign validation rounds; 95.0th percentile,p95_0
1.0,0.3473684210526316,0.131578947368421,1.0,0.2325581395348837,0.6526315789473685,1.0,1.0,1.0,D_temporal_cross_layer,0.4036160435165912,benign validation rounds; 95.0th percentile,p95_0
1.0,0.3368421052631579,0.1351351351351351,1.0,0.238095238095238,0.6631578947368421,1.0,1.0,1.0,temporal_only,0.327642155735496,benign validation rounds; 95.0th percentile,p95_0
1.0,0.2631578947368421,0.1666666666666666,1.0,0.2857142857142857,0.7368421052631579,1.0,0.9536842105263158,0.3812698412698412,cross_layer_only,0.5068162865995844,benign validation rounds; 95.0th percentile,p95_0
1.0,0.3684210526315789,0.125,1.0,0.2222222222222222,0.631578947368421,1.0,1.0,1.0,E_full_tclad,0.3971137923493277,benign validation rounds; 95.0th percentile,p95_0
1.0,0.1157894736842105,0.3125,1.0,0.4761904761904761,0.8842105263157894,1.0,1.0,1.0,whole_update,0.5305630923024024,benign validation rounds; 97.5th percentile,p97_5
1.0,0.3052631578947368,0.1470588235294117,1.0,0.2564102564102564,0.6947368421052632,1.0,1.0,1.0,A_layer_only,0.4125906991778123,benign validation rounds; 97.5th percentile,p97_5
1.0,0.3473684210526316,0.131578947368421,1.0,0.2325581395348837,0.6526315789473685,1.0,1.0,1.0,B_layer_temporal,0.3646405615325373,benign validation rounds; 97.5th percentile,p97_5
1.0,0.3052631578947368,0.1470588235294117,1.0,0.2564102564102564,0.6947368421052632,1.0,1.0,1.0,C_layer_cross_layer,0.4428661556014445,benign validation rounds; 97.5th percentile,p97_5
1.0,0.3263157894736842,0.1388888888888889,1.0,0.2439024390243902,0.6736842105263158,1.0,1.0,1.0,D_temporal_cross_layer,0.4041741957414873,benign validation rounds; 97.5th percentile,p97_5
1.0,0.3157894736842105,0.1428571428571428,1.0,0.25,0.6842105263157895,1.0,1.0,1.0,temporal_only,0.3284864154682547,benign validation rounds; 97.5th percentile,p97_5
1.0,0.2421052631578947,0.1785714285714285,1.0,0.303030303030303,0.7578947368421053,1.0,0.9536842105263158,0.3812698412698412,cross_layer_only,0.5102934780201962,benign validation rounds; 97.5th percentile,p97_5
1.0,0.3368421052631579,0.1351351351351351,1.0,0.238095238095238,0.6631578947368421,1.0,1.0,1.0,E_full_tclad,0.4018115747767738,benign validation rounds; 97.5th percentile,p97_5
1.0,0.1157894736842105,0.3125,1.0,0.4761904761904761,0.8842105263157894,1.0,1.0,1.0,whole_update,0.5405831112218781,benign validation rounds; 99.0th percentile,p99_0
1.0,0.2947368421052631,0.1515151515151515,1.0,0.2631578947368421,0.7052631578947368,1.0,1.0,1.0,A_layer_only,0.4164089739806285,benign validation rounds; 99.0th percentile,p99_0
1.0,0.3263157894736842,0.1388888888888889,1.0,0.2439024390243902,0.6736842105263158,1.0,1.0,1.0,B_layer_temporal,0.3703323249955379,benign validation rounds; 99.0th percentile,p99_0
1.0,0.3052631578947368,0.1470588235294117,1.0,0.2564102564102564,0.6947368421052632,1.0,1.0,1.0,C_layer_cross_layer,0.4447768467015466,benign validation rounds; 99.0th percentile,p99_0
1.0,0.3263157894736842,0.1388888888888889,1.0,0.2439024390243902,0.6736842105263158,1.0,1.0,1.0,D_temporal_cross_layer,0.4046419325620538,benign validation rounds; 99.0th percentile,p99_0
1.0,0.3157894736842105,0.1428571428571428,1.0,0.25,0.6842105263157895,1.0,1.0,1.0,temporal_only,0.3289740726428442,benign validation rounds; 99.0th percentile,p99_0
1.0,0.2421052631578947,0.1785714285714285,1.0,0.303030303030303,0.7578947368421053,1.0,0.9536842105263158,0.3812698412698412,cross_layer_only,0.5106379395504945,benign validation rounds; 99.0th percentile,p99_0
1.0,0.3157894736842105,0.1428571428571428,1.0,0.25,0.6842105263157895,1.0,1.0,1.0,E_full_tclad,0.4050047217032029,benign validation rounds; 99.0th percentile,p99_0
