method,metric,n_independent_seeds,mean,sd,descriptive_t_ci95_lower,descriptive_t_ci95_upper
A_layer_only,detection_rate,3,1.0,0.0,1.0,1.0
A_layer_only,false_positive_rate,3,0.18947368421052627,0.14849195768069354,0.0,0.5583481561767711
A_layer_only,precision,3,0.3212962962962963,0.26478405674779387,0.0,0.9790563571337305
A_layer_only,recall,3,1.0,0.0,1.0,1.0
A_layer_only,f1,3,0.44882218052949757,0.28106177078958966,0.0,1.0
A_layer_only,roc_auc,3,1.0,0.0,1.0,1.0
A_layer_only,pr_auc,3,1.0,0.0,1.0,1.0
E_full_tclad,detection_rate,3,1.0,0.0,1.0,1.0
E_full_tclad,false_positive_rate,3,0.24912280701754386,0.10385016552244732,0.0,0.5071009195633691
E_full_tclad,precision,3,0.18686868686868682,0.05441025612731119,0.05170611771683861,0.32203125602053506
E_full_tclad,recall,3,1.0,0.0,1.0,1.0
E_full_tclad,f1,3,0.31247339293316306,0.07919636239580065,0.11573872247230896,0.5092080633940171
E_full_tclad,roc_auc,3,1.0,0.0,1.0,1.0
E_full_tclad,pr_auc,3,1.0,0.0,1.0,1.0
whole_update,detection_rate,3,1.0,0.0,1.0,1.0
whole_update,false_positive_rate,3,0.20350877192982453,0.073934412300721,0.019845510137506017,0.38717203372214304
whole_update,precision,3,0.21846932321315618,0.06831260101161311,0.04877141485245429,0.3881672315738581
whole_update,recall,3,1.0,0.0,1.0,1.0
whole_update,f1,3,0.35521885521885527,0.09039322396403227,0.13066963868310907,0.5797680717546014
whole_update,roc_auc,3,1.0,0.0,1.0,1.0
whole_update,pr_auc,3,1.0,0.0,1.0,1.0
