round,client_id,score,threshold,rejected,aggregation_weight,ground_truth,all_rejected_noop
16,0,0.5888962812733071,0.4036160435165912,False,0.6853771306619489,1,False
16,1,0.38077401822615964,0.4036160435165912,False,1.0,0,False
16,2,0.42443233989638113,0.4036160435165912,False,0.9509549710918072,0,False
16,3,0.4123482369188486,0.4036160435165912,False,0.9788232551507771,0,False
16,4,0.4040596193355006,0.4036160435165912,False,0.998902202057115,0,False
17,0,0.5830745519095476,0.4036160435165912,False,0.6922203038955543,1,False
17,1,0.42028326665330884,0.4036160435165912,False,0.9603428819104844,0,False
17,2,0.4229228328599922,0.4036160435165912,False,0.9543491439966958,0,False
17,3,0.42406645521887265,0.4036160435165912,False,0.9517754553546887,0,False
17,4,0.42686891788052816,0.4036160435165912,False,0.9455268973918477,0,False
18,0,0.5773826464634355,0.4036160435165912,False,0.699044292357601,1,False
18,1,0.44074081494459927,0.4036160435165912,False,0.9157673395129639,0,False
18,2,0.43210804319957685,0.4036160435165912,False,0.9340627879268008,0,False
18,3,0.4372888264392627,0.4036160435165912,False,0.9229964707837133,0,False
18,4,0.4385405198145882,0.4036160435165912,False,0.9203620310552767,0,False
19,0,0.5806815048741052,0.4036160435165912,False,0.6950730135689396,1,False
19,1,0.4471422435146222,0.4036160435165912,False,0.9026569271203122,0,False
19,2,0.4345301369315736,0.4036160435165912,False,0.9288562730463721,0,False
19,3,0.4425030385352366,0.4036160435165912,False,0.9121203887155934,0,False
19,4,0.4436634957307719,0.4036160435165912,False,0.9097346241024015,0,False
20,0,0.5830432438913344,0.4036160435165912,False,0.6922574744589884,1,False
20,1,0.4442748632120044,0.4036160435165912,False,0.9084827365620928,0,False
20,2,0.44059127468320336,0.4036160435165912,False,0.9160781583947655,0,False
20,3,0.4297039324837444,0.4036160435165912,False,0.9392886892694655,0,False
20,4,0.4572813466206966,0.4036160435165912,False,0.8826427023523017,0,False
