round,client_id,score,threshold,rejected,aggregation_weight,ground_truth,all_rejected_fallback
1,0,649353.1449494133,602407.3091902424,True,0.0,0,False
1,1,758394.1702775727,602407.3091902424,True,0.0,0,False
1,2,324677.258904536,602407.3091902424,False,1.0,0,False
1,3,757904.3340455047,602407.3091902424,True,0.0,0,False
1,4,974192.302872099,602407.3091902424,True,0.0,0,False
2,0,487014.4188930682,602407.3091902424,False,1.0,0,False
2,1,920731.3362327759,602407.3091902424,True,0.0,0,False
2,2,541313.3152337204,602407.3091902424,False,1.0,0,False
2,3,703791.1456840193,602407.3091902424,True,0.0,0,False
2,4,1028303.3766690522,602407.3091902424,True,0.0,0,False
