experiment_id,round,client_id,layer_score,temporal_score,cross_layer_score,suspicious_layers,overall_anomaly_score,layer_scores,predicted_label,ground_truth
lsa-inspired-high-malicious40-late20-seed42-20261004,1,0,0.47337757907209504,0.3622882761784597,0.7104197368327066,['conv1'],0.5153618640277537,"{""conv1"": 0.4995857646281328, ""conv2"": 0.47765770011850606, ""fc1"": 0.4418079073699982, ""output"": 0.47445894417174306}",1,0
lsa-inspired-high-malicious40-late20-seed42-20261004,1,1,0.4711182753799588,0.3626268673139154,0.642702501873979,['conv1'],0.49214921485595103,"{""conv1"": 0.4301797035868249, ""conv2"": 0.5483689095958851, ""fc1"": 0.48180875428374476, ""output"": 0.42411573405338054}",1,0
lsa-inspired-high-malicious40-late20-seed42-20261004,1,2,0.47216496812784875,0.35328074698853007,0.6625841106134587,['conv1'],0.4960099419099458,"{""conv1"": 0.4858570423002408, ""conv2"": 0.47975055382432197, ""fc1"": 0.4498704596645526, ""output"": 0.47318181672227966}",1,0
lsa-inspired-high-malicious40-late20-seed42-20261004,1,3,0.4396559719041549,0.35700167623949686,0.6633812910937512,['conv1'],0.48667964641246764,"{""conv1"": 0.47509618657311636, ""conv2"": 0.5114580834794011, ""fc1"": 0.3557506875117015, ""output"": 0.4163189300524005}",1,0
lsa-inspired-high-malicious40-late20-seed42-20261004,1,4,0.44085141011928636,0.36270701225102175,0.7129510194096773,['conv1'],0.5055031472599951,"{""conv1"": 0.49972598085680425, ""conv2"": 0.5279650890535428, ""fc1"": 0.3666623327848439, ""output"": 0.36905223778195456}",1,0
lsa-inspired-high-malicious40-late20-seed42-20261004,2,0,0.4205774038287998,0.327690370626523,0.49422824047467284,[],0.4141653383099985,"{""conv1"": 0.42011689659857293, ""conv2"": 0.4291636934614239, ""fc1"": 0.3598974708493153, ""output"": 0.4731315544058873}",1,0
lsa-inspired-high-malicious40-late20-seed42-20261004,2,1,0.4576624893883423,0.34298993051076526,0.5521812170194482,[],0.4509445456395186,"{""conv1"": 0.452697739798901, ""conv2"": 0.5355280608429489, ""fc1"": 0.40590982209231785, ""output"": 0.4365143348192015}",1,0
lsa-inspired-high-malicious40-late20-seed42-20261004,2,2,0.4044630049659891,0.31733501868867375,0.5088891830201256,[],0.4102290688915961,"{""conv1"": 0.4415385768339821, ""conv2"": 0.42594607515667177, ""fc1"": 0.34777176716819846, ""output"": 0.4025956007051039}",1,0
lsa-inspired-high-malicious40-late20-seed42-20261004,2,3,0.43218408954002,0.31737679924854134,0.5580375086798502,[],0.43586613248947054,"{""conv1"": 0.43279677056058075, ""conv2"": 0.4900675832309565, ""fc1"": 0.3530825790814726, ""output"": 0.4527894252870702}",1,0
lsa-inspired-high-malicious40-late20-seed42-20261004,2,4,0.43420869833963815,0.34086701617616194,0.6121685725135448,[],0.46241476234311496,"{""conv1"": 0.4494170661403299, ""conv2"": 0.509637268153778, ""fc1"": 0.37156112988268836, ""output"": 0.4062193291817564}",1,0
lsa-inspired-high-malicious40-late20-seed42-20261004,3,0,0.36349231997841047,0.30028924137941687,0.41793854531823843,[],0.3605733688920219,"{""conv1"": 0.3730963482514573, ""conv2"": 0.37958053238934075, ""fc1"": 0.34137784472699634, ""output"": 0.3599145545458475}",0,0
lsa-inspired-high-malicious40-late20-seed42-20261004,3,1,0.4023306750140571,0.3043677148981784,0.4172118226232099,[],0.37463673751181514,"{""conv1"": 0.39159698861916614, ""conv2"": 0.48257872018693193, ""fc1"": 0.3729562632952794, ""output"": 0.36219072795485097}",0,0
lsa-inspired-high-malicious40-late20-seed42-20261004,3,2,0.37547872581543484,0.27231680647608403,0.41382918389018797,[],0.3538749053939022,"{""conv1"": 0.3892873336344785, ""conv2"": 0.40839312444910636, ""fc1"": 0.3567084143138681, ""output"": 0.3475260308642864}",0,0
lsa-inspired-high-malicious40-late20-seed42-20261004,3,3,0.3669686941040416,0.28746054846261165,0.4742926083614107,[],0.3762406169760213,"{""conv1"": 0.34491026110824696, ""conv2"": 0.4411201888331125, ""fc1"": 0.3216226916809299, ""output"": 0.3602216347938771}",0,0
lsa-inspired-high-malicious40-late20-seed42-20261004,3,4,0.37610263014462064,0.2998167175202656,0.514346240747331,[],0.39675519613740573,"{""conv1"": 0.4034796954642623, ""conv2"": 0.4333681454959424, ""fc1"": 0.36361111451580297, ""output"": 0.30395156510247484}",0,0
lsa-inspired-high-malicious40-late20-seed42-20261004,4,0,0.301609196096514,0.22831065224895614,0.39765472751498154,[],0.3091915252868172,"{""conv1"": 0.2796380442520128, ""conv2"": 0.29937443555163523, ""fc1"": 0.27622705551077337, ""output"": 0.35119724907163463}",0,0
lsa-inspired-high-malicious40-late20-seed42-20261004,4,1,0.3284862064632891,0.24781786028847472,0.32038639385932277,[],0.2988968202036955,"{""conv1"": 0.3142936339354024, ""conv2"": 0.38377463696421227, ""fc1"": 0.27170584654714536, ""output"": 0.34417070840639635}",0,0
lsa-inspired-high-malicious40-late20-seed42-20261004,4,2,0.31543000011611444,0.2271480985422057,0.35551033988852465,[],0.2993628128489483,"{""conv1"": 0.2919567597642789, ""conv2"": 0.2663122459409133, ""fc1"": 0.3726308181949514, ""output"": 0.3308201765643142}",0,0
lsa-inspired-high-malicious40-late20-seed42-20261004,4,3,0.3156197057450388,0.23009220818011913,0.39624839559001646,[],0.31398676983839147,"{""conv1"": 0.2919094943976846, ""conv2"": 0.33653417826117193, ""fc1"": 0.3264753073231415, ""output"": 0.30755984299815714}",0,0
lsa-inspired-high-malicious40-late20-seed42-20261004,4,4,0.3056487742816799,0.24240824017327206,0.419468507406416,[],0.32250850728712266,"{""conv1"": 0.3458786679765484, ""conv2"": 0.2726706488721425, ""fc1"": 0.35662999353195424, ""output"": 0.24741578674607448}",0,0
lsa-inspired-high-malicious40-late20-seed42-20261004,5,0,0.18165680847376897,0.15250171395143397,0.2854572321250805,[],0.20653858485009446,"{""conv1"": 0.14715499002087726, ""conv2"": 0.14008299630189971, ""fc1"": 0.1809011681829454, ""output"": 0.25848807938935353}",0,0
lsa-inspired-high-malicious40-late20-seed42-20261004,5,1,0.21533205837090827,0.1773840998754593,0.26374039053519793,[],0.21881884959385517,"{""conv1"": 0.1937632071153618, ""conv2"": 0.22428687189604005, ""fc1"": 0.2158065417535816, ""output"": 0.22747161271864966}",0,0
lsa-inspired-high-malicious40-late20-seed42-20261004,5,2,0.20278990601659488,0.16271809037342996,0.2851469101841259,[],0.21688496885805025,"{""conv1"": 0.15690069480681917, ""conv2"": 0.13183944881276144, ""fc1"": 0.2968293197712565, ""output"": 0.22559016067554244}",0,0
lsa-inspired-high-malicious40-late20-seed42-20261004,5,3,0.20677000899332218,0.15963558865917873,0.3061519887268763,[],0.22418586212645908,"{""conv1"": 0.199745613233004, ""conv2"": 0.18763764195924815, ""fc1"": 0.24862944100643147, ""output"": 0.19106733977460513}",0,0
lsa-inspired-high-malicious40-late20-seed42-20261004,5,4,0.20125864894599324,0.17721670763085415,0.29630960602969,[],0.22492832086884576,"{""conv1"": 0.21193306161028652, ""conv2"": 0.17167897943661362, ""fc1"": 0.24565596463851233, ""output"": 0.17576659009856052}",0,0
lsa-inspired-high-malicious40-late20-seed42-20261004,6,0,0.18895082635362342,0.1947826462416114,0.28525805571475493,[],0.2229971761033299,"{""conv1"": 0.147809161512827, ""conv2"": 0.14591698697551272, ""fc1"": 0.2444004815323396, ""output"": 0.21767667539381438}",0,0
lsa-inspired-high-malicious40-late20-seed42-20261004,6,1,0.1424330587419722,0.18493518971898135,0.19962059526248102,[],0.1756629479078115,"{""conv1"": 0.12230430563519486, ""conv2"": 0.13371666170618443, ""fc1"": 0.12134506731758882, ""output"": 0.1923662003089208}",0,0
lsa-inspired-high-malicious40-late20-seed42-20261004,6,2,0.18432801097691112,0.18445418816737916,0.2739335312723562,[],0.2142385768055488,"{""conv1"": 0.14882587281912718, ""conv2"": 0.13018886158678378, ""fc1"": 0.27177504329514474, ""output"": 0.18652226620658877}",0,0
lsa-inspired-high-malicious40-late20-seed42-20261004,6,3,0.1999391524366329,0.19347242883498314,0.23816169522691316,[],0.21052442549950973,"{""conv1"": 0.21710476297943637, ""conv2"": 0.15064246763051195, ""fc1"": 0.22504005219136064, ""output"": 0.2069693269452227}",0,0
lsa-inspired-high-malicious40-late20-seed42-20261004,6,4,0.23967043951990605,0.22703977917435528,0.20383410524736606,[],0.22351477464720912,"{""conv1"": 0.24859960301358672, ""conv2"": 0.15638760972477653, ""fc1"": 0.340584555890145, ""output"": 0.2131099894511159}",0,0
lsa-inspired-high-malicious40-late20-seed42-20261004,7,0,0.3296942241386603,0.2823875490110815,0.3475273373641031,[],0.31986970350461497,"{""conv1"": 0.28864528140914586, ""conv2"": 0.28644163147153195, ""fc1"": 0.37740109738607175, ""output"": 0.3662888862878915}",0,0
lsa-inspired-high-malicious40-late20-seed42-20261004,7,1,0.31599067157202515,0.2700020155888656,0.2787242858341815,[],0.2882389909983574,"{""conv1"": 0.3191433515541913, ""conv2"": 0.32792098885440285, ""fc1"": 0.2782353383092216, ""output"": 0.3386630075702848}",0,0
lsa-inspired-high-malicious40-late20-seed42-20261004,7,2,0.3310516708461752,0.28149758538805797,0.3122247783920587,[],0.3082580115420973,"{""conv1"": 0.2830795562844228, ""conv2"": 0.2678434141552547, ""fc1"": 0.42846271063393043, ""output"": 0.344821002311093}",0,0
lsa-inspired-high-malicious40-late20-seed42-20261004,7,3,0.3330566829177443,0.2801294340929144,0.25306567545139,[],0.28875059748734955,"{""conv1"": 0.3528843041135348, ""conv2"": 0.32372414914119124, ""fc1"": 0.3344408423060253, ""output"": 0.321177436110226}",0,0
lsa-inspired-high-malicious40-late20-seed42-20261004,7,4,0.3740791072979671,0.309776581649149,0.28806716349932915,[],0.3239742841488151,"{""conv1"": 0.3306988850184465, ""conv2"": 0.33853601010609924, ""fc1"": 0.4410516874436514, ""output"": 0.3860298466236714}",0,0
lsa-inspired-high-malicious40-late20-seed42-20261004,8,0,0.42987049734652305,0.3364104719919062,0.3926353530574444,[],0.38630544079862456,"{""conv1"": 0.40483619081936645, ""conv2"": 0.3994139100122578, ""fc1"": 0.4596688731385344, ""output"": 0.45556301541593347}",0,0
lsa-inspired-high-malicious40-late20-seed42-20261004,8,1,0.40562010662650905,0.3193813521643167,0.40092301854663637,[],0.3753081591124874,"{""conv1"": 0.43787197925980126, ""conv2"": 0.40552854174845004, ""fc1"": 0.3526943878333651, ""output"": 0.42638551766441973}",0,0
lsa-inspired-high-malicious40-late20-seed42-20261004,8,2,0.44262554788776426,0.33059816733536906,0.4179733358502422,[],0.39706568369112516,"{""conv1"": 0.37427809811303836, ""conv2"": 0.4133127074580418, ""fc1"": 0.5141151510869606, ""output"": 0.4687962348930163}",0,0
lsa-inspired-high-malicious40-late20-seed42-20261004,8,3,0.4270441414861312,0.32358857010392905,0.39248184849321666,[],0.38103818669442563,"{""conv1"": 0.426290860753058, ""conv2"": 0.4255022992674133, ""fc1"": 0.37650657025424566, ""output"": 0.4798768356698078}",0,0
lsa-inspired-high-malicious40-late20-seed42-20261004,8,4,0.4364629721933837,0.34673211590135816,0.4211494362382136,[],0.4014481747776518,"{""conv1"": 0.4183268995775354, ""conv2"": 0.43397061366595185, ""fc1"": 0.4238561652894917, ""output"": 0.46969821024055586}",1,0
lsa-inspired-high-malicious40-late20-seed42-20261004,9,0,0.46237684507106047,0.34467407108492315,0.35760790540112086,[],0.3882196071857015,"{""conv1"": 0.4485505886168758, ""conv2"": 0.4302551254550302, ""fc1"": 0.506734402644991, ""output"": 0.4639672635673449}",0,0
lsa-inspired-high-malicious40-late20-seed42-20261004,9,1,0.4618170495788534,0.3199786166079391,0.4214876007257137,[],0.4010944223041687,"{""conv1"": 0.45909334326793866, ""conv2"": 0.4429980860277933, ""fc1"": 0.4243263181904474, ""output"": 0.5208504508292342}",1,0
lsa-inspired-high-malicious40-late20-seed42-20261004,9,2,0.4582012752791303,0.3197771878884355,0.4571723010821382,[],0.411716921416568,"{""conv1"": 0.41404614598760764, ""conv2"": 0.40426256208443206, ""fc1"": 0.5072158349820491, ""output"": 0.5072805580624323}",1,0
lsa-inspired-high-malicious40-late20-seed42-20261004,9,3,0.435388922335723,0.31283966056443463,0.4224112609308822,[],0.39021328127701327,"{""conv1"": 0.45894646437076864, ""conv2"": 0.4457411134595466, ""fc1"": 0.369319559945153, ""output"": 0.467548551567424}",0,0
lsa-inspired-high-malicious40-late20-seed42-20261004,9,4,0.46522270655209474,0.3251468432334358,0.4554048116372884,[],0.41525812047427296,"{""conv1"": 0.4623442328190699, ""conv2"": 0.45539207969163953, ""fc1"": 0.4445438666772544, ""output"": 0.4986106470204151}",1,0
lsa-inspired-high-malicious40-late20-seed42-20261004,10,0,0.4530699213018309,0.3339240600055021,0.34211609020496797,[],0.3763700238374337,"{""conv1"": 0.42736559637702953, ""conv2"": 0.38368644406293345, ""fc1"": 0.5066302582788972, ""output"": 0.49459738648846335}",0,0
lsa-inspired-high-malicious40-late20-seed42-20261004,10,1,0.43714537621134125,0.3121827214520218,0.42117295126172083,[],0.39016701630836126,"{""conv1"": 0.4357310432110259, ""conv2"": 0.40164161263254383, ""fc1"": 0.3882858706293046, ""output"": 0.5229229783724907}",0,0
lsa-inspired-high-malicious40-late20-seed42-20261004,10,2,0.45329470952234485,0.32953322182020384,0.427563778880929,[],0.40346390340782584,"{""conv1"": 0.38265938225103363, ""conv2"": 0.36309040965397876, ""fc1"": 0.49253914688736383, ""output"": 0.5748898992970032}",1,0
lsa-inspired-high-malicious40-late20-seed42-20261004,10,3,0.4332058533497335,0.31680446287954145,0.42386689782867737,[],0.39129240468598403,"{""conv1"": 0.43412965414337407, ""conv2"": 0.3851631477715797, ""fc1"": 0.3820612843318562, ""output"": 0.5314693271521241}",0,0
lsa-inspired-high-malicious40-late20-seed42-20261004,10,4,0.4594326336957707,0.33410768333308005,0.4755641363662112,[],0.42303481779835395,"{""conv1"": 0.4435336961064118, ""conv2"": 0.39958779844221515, ""fc1"": 0.4573199192701734, ""output"": 0.5372891209642824}",1,0
lsa-inspired-high-malicious40-late20-seed42-20261004,11,0,0.3809417267171017,0.3279445741631553,0.3945971636455219,[],0.36782782150859294,"{""conv1"": 0.34681500367887313, ""conv2"": 0.26773607052951426, ""fc1"": 0.44789297487380497, ""output"": 0.4613228577862145}",0,0
lsa-inspired-high-malicious40-late20-seed42-20261004,11,1,0.3943895092820754,0.3101773488795951,0.45188753289675554,[],0.3854847970194753,"{""conv1"": 0.38231130232850374, ""conv2"": 0.30079926092276493, ""fc1"": 0.3639113194115772, ""output"": 0.5305361544654557}",0,0
lsa-inspired-high-malicious40-late20-seed42-20261004,11,2,0.4083481716191276,0.3082845881948347,0.4259545813939635,[],0.3808624470693086,"{""conv1"": 0.3840099262675638, ""conv2"": 0.2874920598716674, ""fc1"": 0.4528707148125358, ""output"": 0.5090199855247435}",0,0
lsa-inspired-high-malicious40-late20-seed42-20261004,11,3,0.38551044309474214,0.3145798596702403,0.4338893415908618,[],0.37799321478528136,"{""conv1"": 0.3722511664370487, ""conv2"": 0.2914457856180643, ""fc1"": 0.35928466969057876, ""output"": 0.5190601506332767}",0,0
lsa-inspired-high-malicious40-late20-seed42-20261004,11,4,0.4189544905158394,0.3292991774259039,0.47314679102072354,[],0.40713348632082225,"{""conv1"": 0.3726140120988017, ""conv2"": 0.34426060081084303, ""fc1"": 0.4438398378102406, ""output"": 0.5151035113434722}",1,0
lsa-inspired-high-malicious40-late20-seed42-20261004,12,0,0.3421388237475683,0.3264324820248586,0.4137121733088913,[],0.36076115969377276,"{""conv1"": 0.29545966690636233, ""conv2"": 0.169636723636404, ""fc1"": 0.4430981466665542, ""output"": 0.4603607577809527}",0,0
lsa-inspired-high-malicious40-late20-seed42-20261004,12,1,0.3217731607325457,0.3225579795525814,0.4637406122807225,[],0.36935725085528315,"{""conv1"": 0.31418727175664035, ""conv2"": 0.1929204403093517, ""fc1"": 0.29859913267927596, ""output"": 0.48138579818491467}",0,0
lsa-inspired-high-malicious40-late20-seed42-20261004,12,2,0.3744411594475172,0.31869595581020443,0.41074155364232046,[],0.36795955630001403,"{""conv1"": 0.3351298307542989, ""conv2"": 0.16668042427668792, ""fc1"": 0.48350111641587823, ""output"": 0.5124532663432039}",0,0
lsa-inspired-high-malicious40-late20-seed42-20261004,12,3,0.3253153718358003,0.31772267915751595,0.3979952475033843,[],0.34701109949890013,"{""conv1"": 0.316479963136403, ""conv2"": 0.17647894276756396, ""fc1"": 0.339571849899259, ""output"": 0.46873073153997535}",0,0
lsa-inspired-high-malicious40-late20-seed42-20261004,12,4,0.3874819249160647,0.319045463629405,0.48826351269675505,[],0.39826363374740825,"{""conv1"": 0.32284125197369423, ""conv2"": 0.2626305183356814, ""fc1"": 0.43416941173870854, ""output"": 0.5302865176161746}",1,0
lsa-inspired-high-malicious40-late20-seed42-20261004,13,0,0.3445932895293166,0.3216573056345733,0.42571204110520644,[],0.36398754542303213,"{""conv1"": 0.1875228740385859, ""conv2"": 0.24696993055580715, ""fc1"": 0.4177746792050355, ""output"": 0.5261056743178378}",0,0
lsa-inspired-high-malicious40-late20-seed42-20261004,13,1,0.2894545967498604,0.30566944456098555,0.43314957262757553,[],0.3427578713128071,"{""conv1"": 0.24268651835355778, ""conv2"": 0.17413361464806143, ""fc1"": 0.30218311204914255, ""output"": 0.43881514194868}",0,0
lsa-inspired-high-malicious40-late20-seed42-20261004,13,2,0.35898648513997855,0.3144241594970434,0.4423715340215757,[],0.3719273928861992,"{""conv1"": 0.25855247466375775, ""conv2"": 0.2267454000173198, ""fc1"": 0.4588567513647827, ""output"": 0.491791314514054}",0,0
lsa-inspired-high-malicious40-late20-seed42-20261004,13,3,0.3269224759842919,0.30157198052617895,0.42356276010088073,[],0.3506857388704505,"{""conv1"": 0.23871051799100343, ""conv2"": 0.27645423435186794, ""fc1"": 0.35754414367149306, ""output"": 0.43498100792280314}",0,0
lsa-inspired-high-malicious40-late20-seed42-20261004,13,4,0.3319368224632301,0.29999677123166485,0.5099107429865314,[],0.38061477889380874,"{""conv1"": 0.24224863661392773, ""conv2"": 0.19959742132522565, ""fc1"": 0.4042048515683515, ""output"": 0.48169638034541545}",0,0
lsa-inspired-high-malicious40-late20-seed42-20261004,14,0,0.3023501043281588,0.31228424703123375,0.4374009163914325,[],0.3506784225836084,"{""conv1"": 0.13576163555338866, ""conv2"": 0.3103082430630184, ""fc1"": 0.33218301639761605, ""output"": 0.43114752229861203}",0,0
lsa-inspired-high-malicious40-late20-seed42-20261004,14,1,0.2954127984060161,0.28135774652988743,0.4495312140933508,[],0.3421005863430847,"{""conv1"": 0.13355387251133768, ""conv2"": 0.29304155450184644, ""fc1"": 0.3747842998490328, ""output"": 0.38027146676184737}",0,0
lsa-inspired-high-malicious40-late20-seed42-20261004,14,2,0.35393706751534915,0.2959893503958793,0.4934099620477716,[],0.381112126653,"{""conv1"": 0.18156316285998567, ""conv2"": 0.33208744988812994, ""fc1"": 0.45425261990411914, ""output"": 0.447845037409162}",0,0
lsa-inspired-high-malicious40-late20-seed42-20261004,14,3,0.31640168944739705,0.2925679471408574,0.45211371709491144,[],0.3536944512277219,"{""conv1"": 0.1739240736488994, ""conv2"": 0.34153568764415704, ""fc1"": 0.34451118652930524, ""output"": 0.4056358099672266}",0,0
lsa-inspired-high-malicious40-late20-seed42-20261004,14,4,0.3120074218403032,0.29409998350372907,0.4944384610517967,[],0.36684862213194297,"{""conv1"": 0.1703933650417805, ""conv2"": 0.24827753002177502, ""fc1"": 0.3749029489462421, ""output"": 0.45445584335141526}",0,0
lsa-inspired-high-malicious40-late20-seed42-20261004,15,0,0.32423852084772625,0.2992331065917909,0.489993474420275,[],0.37115503395326405,"{""conv1"": 0.20377191706413977, ""conv2"": 0.3562808868297523, ""fc1"": 0.26885685013472216, ""output"": 0.46804442936229074}",0,0
lsa-inspired-high-malicious40-late20-seed42-20261004,15,1,0.3011223833528647,0.28412364773253385,0.4302046934571662,[],0.33848357484752156,"{""conv1"": 0.10685904521526601, ""conv2"": 0.3526674317144104, ""fc1"": 0.4243272104185989, ""output"": 0.32063584606318335}",0,0
lsa-inspired-high-malicious40-late20-seed42-20261004,15,2,0.37061875040974623,0.2960569492905781,0.5108675805706934,[],0.3925144267570059,"{""conv1"": 0.23235039551962233, ""conv2"": 0.3872348223675895, ""fc1"": 0.4357283822470171, ""output"": 0.42716140150475596}",0,0
lsa-inspired-high-malicious40-late20-seed42-20261004,15,3,0.32193783544670124,0.2989927694863765,0.48595535641948717,[],0.3689619871175216,"{""conv1"": 0.19730427320310487, ""conv2"": 0.38922442720877726, ""fc1"": 0.337911474479688, ""output"": 0.3633111668952349}",0,0
lsa-inspired-high-malicious40-late20-seed42-20261004,15,4,0.2987257133526252,0.3021471034532752,0.480631331890537,[],0.36050138289881245,"{""conv1"": 0.13649866708691868, ""conv2"": 0.2890512063347802, ""fc1"": 0.3274331638013018, ""output"": 0.44191981618750004}",0,0
lsa-inspired-high-malicious40-late20-seed42-20261004,16,0,0.5766073693988739,0.5371089481936739,0.6402609218936708,"['fc1', 'output']",0.5846590798287394,"{""conv1"": 0.2562552734471673, ""conv2"": 0.39802960845147345, ""fc1"": 0.8573025954690607, ""output"": 0.7948420002277942}",1,1
lsa-inspired-high-malicious40-late20-seed42-20261004,16,1,0.5807733984415588,0.5316514926068864,0.6257273854244351,"['fc1', 'output']",0.5793840921576268,"{""conv1"": 0.2562552734471673, ""conv2"": 0.39802960845147345, ""fc1"": 0.8588269721813621, ""output"": 0.8099817396862327}",1,1
lsa-inspired-high-malicious40-late20-seed42-20261004,16,2,0.3744989338841529,0.32306245945544465,0.5258022203373197,[],0.4077878712256391,"{""conv1"": 0.2877668833989158, ""conv2"": 0.41737073990345963, ""fc1"": 0.4081898027797042, ""output"": 0.384668309454532}",1,0
lsa-inspired-high-malicious40-late20-seed42-20261004,16,3,0.36034300602845815,0.32467878334377503,0.5000176904939155,[],0.3950131599553829,"{""conv1"": 0.2676794944612123, ""conv2"": 0.45132839988601714, ""fc1"": 0.350670605443914, ""output"": 0.37169352432268904}",0,0
lsa-inspired-high-malicious40-late20-seed42-20261004,16,4,0.30662939364515573,0.3091096846761072,0.49900955399489433,[],0.3715828774387191,"{""conv1"": 0.22223651719650903, ""conv2"": 0.3251223529688975, ""fc1"": 0.2748967623812006, ""output"": 0.4042619420340158}",0,0
lsa-inspired-high-malicious40-late20-seed42-20261004,17,0,0.57526030665064,0.540667589914985,0.6136808720698591,"['fc1', 'output']",0.5765362562118279,"{""conv1"": 0.2670104344475409, ""conv2"": 0.42589179593166776, ""fc1"": 0.8403955514682948, ""output"": 0.7677434447550563}",1,1
lsa-inspired-high-malicious40-late20-seed42-20261004,17,1,0.5563980068466823,0.5362129938195277,0.5720036649575477,"['fc1', 'output']",0.5548715552079192,"{""conv1"": 0.2670104344475409, ""conv2"": 0.42589179593166776, ""fc1"": 0.83737284475604, ""output"": 0.6953169522514804}",1,1
lsa-inspired-high-malicious40-late20-seed42-20261004,17,2,0.4343338093141511,0.354278757515204,0.5341127434256139,[],0.4409084367516563,"{""conv1"": 0.2887870620781865, ""conv2"": 0.4304195088709431, ""fc1"": 0.541416154377298, ""output"": 0.47671251193017705}",1,0
lsa-inspired-high-malicious40-late20-seed42-20261004,17,3,0.4001134413104943,0.3494468945069273,0.4887376134166124,[],0.4127659830780113,"{""conv1"": 0.28695602116641344, ""conv2"": 0.44297122498189495, ""fc1"": 0.4106124627497906, ""output"": 0.4599140563438782}",1,0
lsa-inspired-high-malicious40-late20-seed42-20261004,17,4,0.40454246692192225,0.36195337579628134,0.5615188049394413,[],0.4426715492192149,"{""conv1"": 0.26309973609255793, ""conv2"": 0.3775414613697449, ""fc1"": 0.5213740192398277, ""output"": 0.45615465098555835}",1,0
lsa-inspired-high-malicious40-late20-seed42-20261004,18,0,0.5675200557898785,0.5212067942193868,0.6136505916109458,"['fc1', 'output']",0.567459147206737,"{""conv1"": 0.2861284347355157, ""conv2"": 0.43390572181849996, ""fc1"": 0.8255669321725676, ""output"": 0.7244791344329308}",1,1
lsa-inspired-high-malicious40-late20-seed42-20261004,18,1,0.5530997138090181,0.5169658432810674,0.5367237577539496,['fc1'],0.5355964382813451,"{""conv1"": 0.2861284347355157, ""conv2"": 0.43390572181849996, ""fc1"": 0.8065709568628531, ""output"": 0.6857937418192036}",1,1
lsa-inspired-high-malicious40-late20-seed42-20261004,18,2,0.44118873176746065,0.37880189929302505,0.5023556811445283,[],0.440782104068338,"{""conv1"": 0.30463045010532624, ""conv2"": 0.43541199043313145, ""fc1"": 0.5569244714149598, ""output"": 0.4677880151164251}",1,0
lsa-inspired-high-malicious40-late20-seed42-20261004,18,3,0.4069905385158704,0.3569577573606068,0.4775442027981154,[],0.41383083289153083,"{""conv1"": 0.306973977830901, ""conv2"": 0.44421130971309014, ""fc1"": 0.41837076094583653, ""output"": 0.45840610557365397}",1,0
lsa-inspired-high-malicious40-late20-seed42-20261004,18,4,0.4201191608610291,0.3710362331925383,0.5265821204148516,[],0.4392458381561396,"{""conv1"": 0.2895682468843093, ""conv2"": 0.39801095069142794, ""fc1"": 0.5146322167518288, ""output"": 0.4782652291165503}",1,0
lsa-inspired-high-malicious40-late20-seed42-20261004,19,0,0.5724108096936633,0.4980819309895083,0.6152646630574677,"['fc1', 'output']",0.561919134580213,"{""conv1"": 0.30280489976422637, ""conv2"": 0.43265663981111574, ""fc1"": 0.8162935504431569, ""output"": 0.7378881487561543}",1,1
lsa-inspired-high-malicious40-late20-seed42-20261004,19,1,0.5474701356777376,0.4903795014581583,0.5456309652338578,['fc1'],0.5278268674565845,"{""conv1"": 0.30280489976422637, ""conv2"": 0.43265663981111574, ""fc1"": 0.793730882641682, ""output"": 0.6606881204939263}",1,1
lsa-inspired-high-malicious40-late20-seed42-20261004,19,2,0.4604363888788678,0.3815382072084919,0.5215338620845463,[],0.4545028193906353,"{""conv1"": 0.3238492576473157, ""conv2"": 0.4700824373645075, ""fc1"": 0.5376509211692384, ""output"": 0.5101629393344096}",1,0
lsa-inspired-high-malicious40-late20-seed42-20261004,19,3,0.3840031933826244,0.35349956251289494,0.47890502468787655,[],0.4054692601944653,"{""conv1"": 0.30638549897286266, ""conv2"": 0.44156623012879004, ""fc1"": 0.38279183185737015, ""output"": 0.40526921257147475}",1,0
lsa-inspired-high-malicious40-late20-seed42-20261004,19,4,0.40684306528750225,0.3620049876503598,0.5354057176921603,[],0.4347512568766741,"{""conv1"": 0.3048688393177953, ""conv2"": 0.3947547009614258, ""fc1"": 0.44237917147058786, ""output"": 0.48536954940020005}",1,0
lsa-inspired-high-malicious40-late20-seed42-20261004,20,0,0.5808138922026861,0.49959734291329205,0.622385604238382,"['fc1', 'output']",0.5675989464514534,"{""conv1"": 0.32295250096450223, ""conv2"": 0.43010703683389906, ""fc1"": 0.8144218238079162, ""output"": 0.7557742072044268}",1,1
lsa-inspired-high-malicious40-late20-seed42-20261004,20,1,0.5411673998840447,0.4721366721497079,0.5426986030669417,['fc1'],0.518667558366898,"{""conv1"": 0.32295250096450223, ""conv2"": 0.43010703683389906, ""fc1"": 0.792160230635907, ""output"": 0.6194498311018708}",1,1
lsa-inspired-high-malicious40-late20-seed42-20261004,20,2,0.44284214611730466,0.37356876030795455,0.5427304825463244,[],0.4530471296571945,"{""conv1"": 0.34895488401921143, ""conv2"": 0.4294722559807106, ""fc1"": 0.48778049449646216, ""output"": 0.5051609499728344}",1,0
lsa-inspired-high-malicious40-late20-seed42-20261004,20,3,0.3964891804900159,0.36308252509663685,0.4568449343568314,[],0.4054722133144947,"{""conv1"": 0.32295022953322816, ""conv2"": 0.47643973755415986, ""fc1"": 0.3685958190670297, ""output"": 0.417970935805646}",1,0
lsa-inspired-high-malicious40-late20-seed42-20261004,20,4,0.4230342681941733,0.367633222170807,0.5421011366231215,[],0.4442562089960339,"{""conv1"": 0.3212870134792123, ""conv2"": 0.40219496230702473, ""fc1"": 0.4811614408041971, ""output"": 0.487493656186259}",1,0
