detection_rate,false_positive_rate,precision,recall,f1,benign_acceptance_rate,malicious_rejection_rate,roc_auc,pr_auc,method,threshold,detection_threshold_source,threshold_percentile
1.0,0.1473684210526315,0.2631578947368421,1.0,0.4166666666666667,0.8526315789473684,1.0,1.0,1.0,whole_update,1.079310666195915,benign validation rounds; 90th percentile,90.0
1.0,0.4526315789473684,0.1041666666666666,1.0,0.1886792452830188,0.5473684210526316,1.0,0.9894736842105264,0.71,A_layer_only,0.8615354184648939,benign validation rounds; 90th percentile,90.0
1.0,0.3052631578947368,0.1470588235294117,1.0,0.2564102564102564,0.6947368421052632,1.0,1.0,1.0,B_layer_temporal,1.5348510197982896,benign validation rounds; 90th percentile,90.0
1.0,0.2,0.2083333333333333,1.0,0.3448275862068966,0.8,1.0,0.983157894736842,0.6295238095238094,C_layer_cross_layer,1.4248186125164022,benign validation rounds; 90th percentile,90.0
1.0,0.3052631578947368,0.1470588235294117,1.0,0.2564102564102564,0.6947368421052632,1.0,1.0,1.0,D_temporal_cross_layer,1.820311234139326,benign validation rounds; 90th percentile,90.0
1.0,0.2526315789473684,0.1724137931034483,1.0,0.2941176470588235,0.7473684210526316,1.0,1.0,1.0,temporal_only,2.2241413792621176,benign validation rounds; 90th percentile,90.0
1.0,0.1368421052631579,0.2777777777777778,1.0,0.4347826086956521,0.8631578947368421,1.0,0.9578947368421054,0.4097979797979798,cross_layer_only,2.209647628535462,benign validation rounds; 90th percentile,90.0
1.0,0.3052631578947368,0.1470588235294117,1.0,0.2564102564102564,0.6947368421052632,1.0,1.0,1.0,E_full_tclad,1.4953943762043709,benign validation rounds; 90th percentile,90.0
1.0,0.1368421052631579,0.2777777777777778,1.0,0.4347826086956521,0.8631578947368421,1.0,1.0,1.0,whole_update,1.091743476066882,benign validation rounds; 95th percentile,95.0
1.0,0.4421052631578947,0.1063829787234042,1.0,0.1923076923076923,0.5578947368421052,1.0,0.9894736842105264,0.71,A_layer_only,0.8637570565276098,benign validation rounds; 95th percentile,95.0
1.0,0.2736842105263158,0.1612903225806451,1.0,0.2777777777777778,0.7263157894736842,1.0,1.0,1.0,B_layer_temporal,1.640762419219122,benign validation rounds; 95th percentile,95.0
1.0,0.1578947368421052,0.25,1.0,0.4,0.8421052631578947,1.0,0.983157894736842,0.6295238095238094,C_layer_cross_layer,1.4903868355556376,benign validation rounds; 95th percentile,95.0
1.0,0.2631578947368421,0.1666666666666666,1.0,0.2857142857142857,0.7368421052631579,1.0,1.0,1.0,D_temporal_cross_layer,1.916656015203234,benign validation rounds; 95th percentile,95.0
1.0,0.2421052631578947,0.1785714285714285,1.0,0.303030303030303,0.7578947368421053,1.0,1.0,1.0,temporal_only,2.3777875548023726,benign validation rounds; 95th percentile,95.0
1.0,0.1263157894736842,0.2941176470588235,1.0,0.4545454545454545,0.8736842105263158,1.0,0.9578947368421054,0.4097979797979798,cross_layer_only,2.226418895119034,benign validation rounds; 95th percentile,95.0
1.0,0.2842105263157894,0.15625,1.0,0.2702702702702703,0.7157894736842105,1.0,1.0,1.0,E_full_tclad,1.5790164380141132,benign validation rounds; 95th percentile,95.0
1.0,0.1157894736842105,0.3125,1.0,0.4761904761904761,0.8842105263157894,1.0,1.0,1.0,whole_update,1.1411170934375618,benign validation rounds; 97.5th percentile,97.5
1.0,0.4210526315789473,0.1111111111111111,1.0,0.2,0.5789473684210527,1.0,0.9894736842105264,0.71,A_layer_only,0.8841370858385831,benign validation rounds; 97.5th percentile,97.5
1.0,0.2526315789473684,0.1724137931034483,1.0,0.2941176470588235,0.7473684210526316,1.0,1.0,1.0,B_layer_temporal,1.669913080975553,benign validation rounds; 97.5th percentile,97.5
1.0,0.1473684210526315,0.2631578947368421,1.0,0.4166666666666667,0.8526315789473684,1.0,0.983157894736842,0.6295238095238094,C_layer_cross_layer,1.5225506387833108,benign validation rounds; 97.5th percentile,97.5
1.0,0.2421052631578947,0.1785714285714285,1.0,0.303030303030303,0.7578947368421053,1.0,1.0,1.0,D_temporal_cross_layer,2.0051236832516968,benign validation rounds; 97.5th percentile,97.5
1.0,0.231578947368421,0.1851851851851851,1.0,0.3125,0.7684210526315789,1.0,1.0,1.0,temporal_only,2.453131095158922,benign validation rounds; 97.5th percentile,97.5
1.0,0.1157894736842105,0.3125,1.0,0.4761904761904761,0.8842105263157894,1.0,0.9578947368421054,0.4097979797979798,cross_layer_only,2.234524310612972,benign validation rounds; 97.5th percentile,97.5
1.0,0.2631578947368421,0.1666666666666666,1.0,0.2857142857142857,0.7368421052631579,1.0,1.0,1.0,E_full_tclad,1.632314144431859,benign validation rounds; 97.5th percentile,97.5
1.0,0.1157894736842105,0.3125,1.0,0.4761904761904761,0.8842105263157894,1.0,1.0,1.0,whole_update,1.1835629645278738,benign validation rounds; 99.0th percentile,99.0
1.0,0.4105263157894737,0.1136363636363636,1.0,0.2040816326530612,0.5894736842105263,1.0,0.9894736842105264,0.71,A_layer_only,0.9021281880373012,benign validation rounds; 99.0th percentile,99.0
1.0,0.2526315789473684,0.1724137931034483,1.0,0.2941176470588235,0.7473684210526316,1.0,1.0,1.0,B_layer_temporal,1.6802121655206392,benign validation rounds; 99.0th percentile,99.0
1.0,0.1368421052631579,0.2777777777777778,1.0,0.4347826086956521,0.8631578947368421,1.0,0.983157894736842,0.6295238095238094,C_layer_cross_layer,1.5373606102896045,benign validation rounds; 99.0th percentile,99.0
1.0,0.231578947368421,0.1851851851851851,1.0,0.3125,0.7684210526315789,1.0,1.0,1.0,D_temporal_cross_layer,2.070999677695279,benign validation rounds; 99.0th percentile,99.0
1.0,0.231578947368421,0.1851851851851851,1.0,0.3125,0.7684210526315789,1.0,1.0,1.0,temporal_only,2.4984137346889312,benign validation rounds; 99.0th percentile,99.0
1.0,0.1157894736842105,0.3125,1.0,0.4761904761904761,0.8842105263157894,1.0,0.9578947368421054,0.4097979797979798,cross_layer_only,2.2383074008918133,benign validation rounds; 99.0th percentile,99.0
1.0,0.2631578947368421,0.1666666666666666,1.0,0.2857142857142857,0.7368421052631579,1.0,1.0,1.0,E_full_tclad,1.668003317247635,benign validation rounds; 99.0th percentile,99.0
