threshold_percentile,detection_rate,false_positive_rate,precision,recall,f1,benign_acceptance_rate,malicious_rejection_rate,roc_auc,pr_auc,method,threshold,detection_threshold_source
90.0,1.0,0.1473684210526315,0.2631578947368421,1.0,0.4166666666666667,0.8526315789473684,1.0,1.0,1.0,whole_update,1.079310666195915,benign validation rounds; 90.0th percentile
90.0,1.0,0.6,0.0806451612903225,1.0,0.1492537313432835,0.4,1.0,0.7389473684210527,0.102614260943532,A_layer_only,0.8878586513068325,benign validation rounds; 90.0th percentile
90.0,1.0,0.3473684210526316,0.131578947368421,1.0,0.2325581395348837,0.6526315789473685,1.0,0.9957894736842106,0.9428571428571428,B_layer_temporal,882458.3807347436,benign validation rounds; 90.0th percentile
90.0,1.0,0.3578947368421052,0.1282051282051282,1.0,0.2272727272727272,0.6421052631578947,1.0,0.7389473684210527,0.102614260943532,C_layer_cross_layer,1.5209277070017129,benign validation rounds; 90.0th percentile
90.0,1.0,0.3473684210526316,0.131578947368421,1.0,0.2325581395348837,0.6526315789473685,1.0,0.9957894736842106,0.9428571428571428,D_temporal_cross_layer,882458.528655842,benign validation rounds; 90.0th percentile
90.0,1.0,0.3473684210526316,0.131578947368421,1.0,0.2325581395348837,0.6526315789473685,1.0,0.9957894736842106,0.9428571428571428,temporal_only,1764915.9481097418,benign validation rounds; 90.0th percentile
90.0,1.0,0.1368421052631579,0.2777777777777778,1.0,0.4347826086956521,0.8631578947368421,1.0,0.9578947368421054,0.4097979797979798,cross_layer_only,2.209647628535462,benign validation rounds; 90.0th percentile
90.0,1.0,0.3473684210526316,0.131578947368421,1.0,0.2325581395348837,0.6526315789473685,1.0,0.9957894736842106,0.9428571428571428,E_full_tclad,588305.9568904763,benign validation rounds; 90.0th percentile
95.0,1.0,0.1368421052631579,0.2777777777777778,1.0,0.4347826086956521,0.8631578947368421,1.0,1.0,1.0,whole_update,1.091743476066882,benign validation rounds; 95.0th percentile
95.0,0.2,0.2842105263157894,0.0357142857142857,0.2,0.0606060606060606,0.7157894736842105,0.2,0.7389473684210527,0.102614260943532,A_layer_only,392.5097295173571,benign validation rounds; 95.0th percentile
95.0,1.0,0.3368421052631579,0.1351351351351351,1.0,0.238095238095238,0.6631578947368421,1.0,0.9957894736842106,0.9428571428571428,B_layer_temporal,903610.3087778392,benign validation rounds; 95.0th percentile
95.0,0.2,0.2842105263157894,0.0357142857142857,0.2,0.0606060606060606,0.7157894736842105,0.2,0.7389473684210527,0.102614260943532,C_layer_cross_layer,196.88665428670825,benign validation rounds; 95.0th percentile
95.0,1.0,0.3368421052631579,0.1351351351351351,1.0,0.238095238095238,0.6631578947368421,1.0,0.9957894736842106,0.9428571428571428,D_temporal_cross_layer,903610.535378357,benign validation rounds; 95.0th percentile
95.0,1.0,0.3368421052631579,0.1351351351351351,1.0,0.238095238095238,0.6631578947368421,1.0,0.9957894736842106,0.9428571428571428,temporal_only,1807219.7607416653,benign validation rounds; 95.0th percentile
95.0,1.0,0.1263157894736842,0.2941176470588235,1.0,0.4545454545454545,0.8736842105263158,1.0,0.9578947368421054,0.4097979797979798,cross_layer_only,2.226418895119034,benign validation rounds; 95.0th percentile
95.0,1.0,0.3368421052631579,0.1351351351351351,1.0,0.238095238095238,0.6631578947368421,1.0,0.9957894736842106,0.9428571428571428,E_full_tclad,602407.3091902424,benign validation rounds; 95.0th percentile
97.5,1.0,0.1157894736842105,0.3125,1.0,0.4761904761904761,0.8842105263157894,1.0,1.0,1.0,whole_update,1.1411170934375618,benign validation rounds; 97.5th percentile
97.5,0.2,0.2421052631578947,0.0416666666666666,0.2,0.0689655172413793,0.7578947368421053,0.2,0.7389473684210527,0.102614260943532,A_layer_only,490.4349512605655,benign validation rounds; 97.5th percentile
97.5,1.0,0.2842105263157894,0.15625,1.0,0.2702702702702703,0.7157894736842105,1.0,0.9957894736842106,0.9428571428571428,B_layer_temporal,1036472.9959137164,benign validation rounds; 97.5th percentile
97.5,0.2,0.231578947368421,0.0434782608695652,0.2,0.0714285714285714,0.7684210526315789,0.2,0.7389473684210527,0.102614260943532,C_layer_cross_layer,245.75072436626527,benign validation rounds; 97.5th percentile
97.5,1.0,0.2842105263157894,0.15625,1.0,0.2702702702702703,0.7157894736842105,1.0,0.9957894736842106,0.9428571428571428,D_temporal_cross_layer,1036473.2792228592,benign validation rounds; 97.5th percentile
97.5,1.0,0.2842105263157894,0.15625,1.0,0.2702702702702703,0.7157894736842105,1.0,0.9957894736842106,0.9428571428571428,temporal_only,2072945.1139507247,benign validation rounds; 97.5th percentile
97.5,1.0,0.1157894736842105,0.3125,1.0,0.4761904761904761,0.8842105263157894,1.0,0.9578947368421054,0.4097979797979798,cross_layer_only,2.234524310612972,benign validation rounds; 97.5th percentile
97.5,1.0,0.2842105263157894,0.15625,1.0,0.2702702702702703,0.7157894736842105,1.0,0.9957894736842106,0.9428571428571428,E_full_tclad,690982.478774142,benign validation rounds; 97.5th percentile
99.0,1.0,0.1157894736842105,0.3125,1.0,0.4761904761904761,0.8842105263157894,1.0,1.0,1.0,whole_update,1.1835629645278738,benign validation rounds; 99.0th percentile
99.0,0.2,0.2421052631578947,0.0416666666666666,0.2,0.0689655172413793,0.7578947368421053,0.2,0.7389473684210527,0.102614260943532,A_layer_only,490.4572217591872,benign validation rounds; 99.0th percentile
99.0,1.0,0.231578947368421,0.1851851851851851,1.0,0.3125,0.7684210526315789,1.0,0.9957894736842106,0.9428571428571428,B_layer_temporal,1155290.4674536942,benign validation rounds; 99.0th percentile
99.0,0.2,0.231578947368421,0.0434782608695652,0.2,0.0714285714285714,0.7684210526315789,0.2,0.7389473684210527,0.102614260943532,C_layer_cross_layer,245.7762523546536,benign validation rounds; 99.0th percentile
99.0,1.0,0.231578947368421,0.1851851851851851,1.0,0.3125,0.7684210526315789,1.0,0.9957894736842106,0.9428571428571428,D_temporal_cross_layer,1155290.7467423547,benign validation rounds; 99.0th percentile
99.0,1.0,0.231578947368421,0.1851851851851851,1.0,0.3125,0.7684210526315789,1.0,0.9957894736842106,0.9428571428571428,temporal_only,2310580.0390631817,benign validation rounds; 99.0th percentile
99.0,1.0,0.1157894736842105,0.3125,1.0,0.4761904761904761,0.8842105263157894,1.0,0.9578947368421054,0.4097979797979798,cross_layer_only,2.2383074008918133,benign validation rounds; 99.0th percentile
99.0,1.0,0.231578947368421,0.1851851851851851,1.0,0.3125,0.7684210526315789,1.0,0.9957894736842106,0.9428571428571428,E_full_tclad,770194.129776305,benign validation rounds; 99.0th percentile
