experiment_id,round,client_id,overall_anomaly_score,ground_truth,predicted_label
conventional-backdoor-mnist-iid-late20-20261004,1,0,0.8553743281391902,0,0
conventional-backdoor-mnist-iid-late20-20261004,1,1,0.8917449806152571,0,0
conventional-backdoor-mnist-iid-late20-20261004,1,2,0.9130532143530156,0,0
conventional-backdoor-mnist-iid-late20-20261004,1,3,0.8100433718319251,0,0
conventional-backdoor-mnist-iid-late20-20261004,1,4,0.7812839554407889,0,0
conventional-backdoor-mnist-iid-late20-20261004,2,0,0.7701645173550979,0,0
conventional-backdoor-mnist-iid-late20-20261004,2,1,0.8088940096361095,0,0
conventional-backdoor-mnist-iid-late20-20261004,2,2,0.7941719739036284,0,0
conventional-backdoor-mnist-iid-late20-20261004,2,3,0.748744993424352,0,0
conventional-backdoor-mnist-iid-late20-20261004,2,4,0.706739604163269,0,0
conventional-backdoor-mnist-iid-late20-20261004,3,0,0.6546187684575766,0,0
conventional-backdoor-mnist-iid-late20-20261004,3,1,0.7013452094589421,0,0
conventional-backdoor-mnist-iid-late20-20261004,3,2,0.6897279229434998,0,0
conventional-backdoor-mnist-iid-late20-20261004,3,3,0.640803914935168,0,0
conventional-backdoor-mnist-iid-late20-20261004,3,4,0.6061648380639566,0,0
conventional-backdoor-mnist-iid-late20-20261004,4,0,0.4392287323409829,0,0
conventional-backdoor-mnist-iid-late20-20261004,4,1,0.49021831875052,0,0
conventional-backdoor-mnist-iid-late20-20261004,4,2,0.47402677724049014,0,0
conventional-backdoor-mnist-iid-late20-20261004,4,3,0.43244324454795724,0,0
conventional-backdoor-mnist-iid-late20-20261004,4,4,0.4141713057816798,0,0
conventional-backdoor-mnist-iid-late20-20261004,5,0,0.17599996156927789,0,0
conventional-backdoor-mnist-iid-late20-20261004,5,1,0.2216265026368155,0,0
conventional-backdoor-mnist-iid-late20-20261004,5,2,0.20519717149324115,0,0
conventional-backdoor-mnist-iid-late20-20261004,5,3,0.14679389664284878,0,0
conventional-backdoor-mnist-iid-late20-20261004,5,4,0.13578534599476558,0,0
conventional-backdoor-mnist-iid-late20-20261004,6,0,0.1677663162169951,0,0
conventional-backdoor-mnist-iid-late20-20261004,6,1,0.1409084632667507,0,0
conventional-backdoor-mnist-iid-late20-20261004,6,2,0.1375338349707807,0,0
conventional-backdoor-mnist-iid-late20-20261004,6,3,0.21120038000985808,0,0
conventional-backdoor-mnist-iid-late20-20261004,6,4,0.21678034137704222,0,0
conventional-backdoor-mnist-iid-late20-20261004,7,0,0.6200598464522507,0,0
conventional-backdoor-mnist-iid-late20-20261004,7,1,0.5883779870752799,0,0
conventional-backdoor-mnist-iid-late20-20261004,7,2,0.5452256440719804,0,0
conventional-backdoor-mnist-iid-late20-20261004,7,3,0.6516916525819108,0,0
conventional-backdoor-mnist-iid-late20-20261004,7,4,0.6563865542221208,0,0
conventional-backdoor-mnist-iid-late20-20261004,8,0,1.076749890928012,0,0
conventional-backdoor-mnist-iid-late20-20261004,8,1,1.0269271299166511,0,0
conventional-backdoor-mnist-iid-late20-20261004,8,2,0.9568308357110973,0,0
conventional-backdoor-mnist-iid-late20-20261004,8,3,1.0792250530911212,0,0
conventional-backdoor-mnist-iid-late20-20261004,8,4,1.0997278292768733,0,1
conventional-backdoor-mnist-iid-late20-20261004,9,0,1.4085263612835615,0,1
conventional-backdoor-mnist-iid-late20-20261004,9,1,1.331315527163611,0,1
conventional-backdoor-mnist-iid-late20-20261004,9,2,1.234186523035703,0,1
conventional-backdoor-mnist-iid-late20-20261004,9,3,1.3513088013306052,0,1
conventional-backdoor-mnist-iid-late20-20261004,9,4,1.3645469964549477,0,1
conventional-backdoor-mnist-iid-late20-20261004,10,0,1.4273363553242582,0,1
conventional-backdoor-mnist-iid-late20-20261004,10,1,1.3253800430050113,0,1
conventional-backdoor-mnist-iid-late20-20261004,10,2,1.2720755685949527,0,1
conventional-backdoor-mnist-iid-late20-20261004,10,3,1.3110881669485521,0,1
conventional-backdoor-mnist-iid-late20-20261004,10,4,1.3320160223577004,0,1
conventional-backdoor-mnist-iid-late20-20261004,11,0,1.2118602119214155,0,1
conventional-backdoor-mnist-iid-late20-20261004,11,1,1.073930681678131,0,0
conventional-backdoor-mnist-iid-late20-20261004,11,2,1.0828973225411047,0,0
conventional-backdoor-mnist-iid-late20-20261004,11,3,1.0525626553880705,0,0
conventional-backdoor-mnist-iid-late20-20261004,11,4,1.0939550144483263,0,1
conventional-backdoor-mnist-iid-late20-20261004,12,0,0.9771575557864134,0,0
conventional-backdoor-mnist-iid-late20-20261004,12,1,0.7828294653267216,0,0
conventional-backdoor-mnist-iid-late20-20261004,12,2,0.8187222946433503,0,0
conventional-backdoor-mnist-iid-late20-20261004,12,3,0.7568167554823197,0,0
conventional-backdoor-mnist-iid-late20-20261004,12,4,0.8147287146405452,0,0
conventional-backdoor-mnist-iid-late20-20261004,13,0,0.7267918804966638,0,0
conventional-backdoor-mnist-iid-late20-20261004,13,1,0.5476785368196175,0,0
conventional-backdoor-mnist-iid-late20-20261004,13,2,0.5804830019676214,0,0
conventional-backdoor-mnist-iid-late20-20261004,13,3,0.515724104871172,0,0
conventional-backdoor-mnist-iid-late20-20261004,13,4,0.5917741388952125,0,0
conventional-backdoor-mnist-iid-late20-20261004,14,0,0.45514147363482654,0,0
conventional-backdoor-mnist-iid-late20-20261004,14,1,0.4787834354187971,0,0
conventional-backdoor-mnist-iid-late20-20261004,14,2,0.3934563219633983,0,0
conventional-backdoor-mnist-iid-late20-20261004,14,3,0.31943918481337724,0,0
conventional-backdoor-mnist-iid-late20-20261004,14,4,0.3942225281585305,0,0
conventional-backdoor-mnist-iid-late20-20261004,15,0,0.2903147058678328,0,0
conventional-backdoor-mnist-iid-late20-20261004,15,1,0.5292643559489636,0,0
conventional-backdoor-mnist-iid-late20-20261004,15,2,0.2965413680261109,0,0
conventional-backdoor-mnist-iid-late20-20261004,15,3,0.3438567028791032,0,0
conventional-backdoor-mnist-iid-late20-20261004,15,4,0.25564597778169895,0,0
conventional-backdoor-mnist-iid-late20-20261004,16,0,3.6374213464546314,1,1
conventional-backdoor-mnist-iid-late20-20261004,16,1,0.6040087006767771,0,0
conventional-backdoor-mnist-iid-late20-20261004,16,2,0.22394541245160549,0,0
conventional-backdoor-mnist-iid-late20-20261004,16,3,0.39631873739485207,0,0
conventional-backdoor-mnist-iid-late20-20261004,16,4,0.2633608764128243,0,0
conventional-backdoor-mnist-iid-late20-20261004,17,0,2.762616343123598,1,1
conventional-backdoor-mnist-iid-late20-20261004,17,1,0.398357921815756,0,0
conventional-backdoor-mnist-iid-late20-20261004,17,2,0.22674904302221488,0,0
conventional-backdoor-mnist-iid-late20-20261004,17,3,0.47861361006604947,0,0
conventional-backdoor-mnist-iid-late20-20261004,17,4,0.22806606321486944,0,0
conventional-backdoor-mnist-iid-late20-20261004,18,0,3.9698428226339066,1,1
conventional-backdoor-mnist-iid-late20-20261004,18,1,0.4850739833136287,0,0
conventional-backdoor-mnist-iid-late20-20261004,18,2,0.19234326142918845,0,0
conventional-backdoor-mnist-iid-late20-20261004,18,3,0.5289301897543255,0,0
conventional-backdoor-mnist-iid-late20-20261004,18,4,0.25301364558382194,0,0
conventional-backdoor-mnist-iid-late20-20261004,19,0,2.7801428320474972,1,1
conventional-backdoor-mnist-iid-late20-20261004,19,1,0.16708790597398437,0,0
conventional-backdoor-mnist-iid-late20-20261004,19,2,0.16964774672239846,0,0
conventional-backdoor-mnist-iid-late20-20261004,19,3,0.3836483510501529,0,0
conventional-backdoor-mnist-iid-late20-20261004,19,4,0.18356965120979843,0,0
conventional-backdoor-mnist-iid-late20-20261004,20,0,2.9546376431369037,1,1
conventional-backdoor-mnist-iid-late20-20261004,20,1,0.420453953750443,0,0
conventional-backdoor-mnist-iid-late20-20261004,20,2,0.20876911238178575,0,0
conventional-backdoor-mnist-iid-late20-20261004,20,3,0.558456221162871,0,0
conventional-backdoor-mnist-iid-late20-20261004,20,4,0.29625476019149144,0,0
