round,client_id,experiment_id,whole_update_l1,whole_update_l2,whole_update_max_abs,ground_truth,whole_update_cosine_to_global_parameters
1,0,lsa-inspired-high-malicious40-late20-seed42-20261004,11.585917472839355,0.07095655053853989,0.004226048476994038,0,-0.003917779307812452
1,1,lsa-inspired-high-malicious40-late20-seed42-20261004,11.419069290161133,0.0685686320066452,0.004067808389663696,0,-0.010504456236958504
1,2,lsa-inspired-high-malicious40-late20-seed42-20261004,11.098865509033203,0.06829556822776794,0.0034222789108753204,0,-0.0054978737607598305
1,3,lsa-inspired-high-malicious40-late20-seed42-20261004,12.26773738861084,0.07601351290941238,0.004620589315891266,0,-0.008047942072153091
1,4,lsa-inspired-high-malicious40-late20-seed42-20261004,11.9761381149292,0.07433000206947327,0.006074748933315277,0,-0.009393774904310703
2,0,lsa-inspired-high-malicious40-late20-seed42-20261004,11.506773948669434,0.0728340744972229,0.0036627687513828278,0,0.03601008281111717
2,1,lsa-inspired-high-malicious40-late20-seed42-20261004,11.039424896240234,0.0687636286020279,0.003856666386127472,0,0.03046978823840618
2,2,lsa-inspired-high-malicious40-late20-seed42-20261004,11.126884460449219,0.07106580585241318,0.0037184683606028557,0,0.03360593691468239
2,3,lsa-inspired-high-malicious40-late20-seed42-20261004,11.833152770996094,0.07509715110063553,0.0039839232340455055,0,0.03238653391599655
2,4,lsa-inspired-high-malicious40-late20-seed42-20261004,11.640167236328125,0.07444136589765549,0.005621619522571564,0,0.030996698886156082
3,0,lsa-inspired-high-malicious40-late20-seed42-20261004,11.505716323852539,0.0766855999827385,0.004036366939544678,0,0.07158242166042328
3,1,lsa-inspired-high-malicious40-late20-seed42-20261004,11.069664001464844,0.07249166071414948,0.003896839916706085,0,0.06703405827283859
3,2,lsa-inspired-high-malicious40-late20-seed42-20261004,10.951780319213867,0.07278699427843094,0.004033733159303665,0,0.07107868045568466
3,3,lsa-inspired-high-malicious40-late20-seed42-20261004,11.731901168823242,0.07875348627567291,0.00414612889289856,0,0.06943649053573608
3,4,lsa-inspired-high-malicious40-late20-seed42-20261004,11.721214294433594,0.07890360057353973,0.0053400918841362,0,0.06728003919124603
4,0,lsa-inspired-high-malicious40-late20-seed42-20261004,12.933561325073242,0.09073477238416672,0.005554765462875366,0,0.0967765599489212
4,1,lsa-inspired-high-malicious40-late20-seed42-20261004,12.54686164855957,0.08612924814224243,0.005185957998037338,0,0.0934881791472435
4,2,lsa-inspired-high-malicious40-late20-seed42-20261004,12.432507514953613,0.08509580045938492,0.005572851747274399,0,0.09791281819343567
4,3,lsa-inspired-high-malicious40-late20-seed42-20261004,12.951004028320312,0.09109335392713547,0.0055543482303619385,0,0.09872419387102127
4,4,lsa-inspired-high-malicious40-late20-seed42-20261004,13.102703094482422,0.09193796664476395,0.006094291806221008,0,0.09545335173606873
5,0,lsa-inspired-high-malicious40-late20-seed42-20261004,14.820448875427246,0.10764329880475998,0.00757579505443573,0,0.1237419992685318
5,1,lsa-inspired-high-malicious40-late20-seed42-20261004,14.496078491210938,0.10316863656044006,0.007207125425338745,0,0.1215253546833992
5,2,lsa-inspired-high-malicious40-late20-seed42-20261004,14.636163711547852,0.10361143946647644,0.007383355870842934,0,0.12311889976263046
5,3,lsa-inspired-high-malicious40-late20-seed42-20261004,14.81407356262207,0.10878811031579971,0.008074015378952026,0,0.12718424201011658
5,4,lsa-inspired-high-malicious40-late20-seed42-20261004,15.138656616210938,0.11062158644199371,0.008187450468540192,0,0.1228240579366684
6,0,lsa-inspired-high-malicious40-late20-seed42-20261004,17.707334518432617,0.13267889618873596,0.010225445032119751,0,0.14856143295764923
6,1,lsa-inspired-high-malicious40-late20-seed42-20261004,17.627222061157227,0.12913036346435547,0.010016858577728271,0,0.14691628515720367
6,2,lsa-inspired-high-malicious40-late20-seed42-20261004,17.350086212158203,0.12741327285766602,0.010239988565444946,0,0.14899885654449463
6,3,lsa-inspired-high-malicious40-late20-seed42-20261004,17.586633682250977,0.13446208834648132,0.011099040508270264,0,0.15336015820503235
6,4,lsa-inspired-high-malicious40-late20-seed42-20261004,17.88726806640625,0.13601556420326233,0.0110434889793396,0,0.1498309075832367
7,0,lsa-inspired-high-malicious40-late20-seed42-20261004,21.789575576782227,0.1662811040878296,0.014049291610717773,0,0.17174620926380157
7,1,lsa-inspired-high-malicious40-late20-seed42-20261004,21.422147750854492,0.16238470375537872,0.013807415962219238,0,0.17317217588424683
7,2,lsa-inspired-high-malicious40-late20-seed42-20261004,20.603580474853516,0.15617139637470245,0.013806939125061035,0,0.1765284389257431
7,3,lsa-inspired-high-malicious40-late20-seed42-20261004,21.09916114807129,0.1660940796136856,0.015072137117385864,0,0.18073655664920807
7,4,lsa-inspired-high-malicious40-late20-seed42-20261004,21.357898712158203,0.1681356579065323,0.014959007501602173,0,0.17750035226345062
8,0,lsa-inspired-high-malicious40-late20-seed42-20261004,25.56916046142578,0.20093929767608643,0.018109381198883057,0,0.19625996053218842
8,1,lsa-inspired-high-malicious40-late20-seed42-20261004,24.51099395751953,0.19341516494750977,0.01796555519104004,0,0.20414935052394867
8,2,lsa-inspired-high-malicious40-late20-seed42-20261004,23.790042877197266,0.18553632497787476,0.017528504133224487,0,0.20361864566802979
8,3,lsa-inspired-high-malicious40-late20-seed42-20261004,24.128211975097656,0.19595423340797424,0.01916712522506714,0,0.2107039988040924
8,4,lsa-inspired-high-malicious40-late20-seed42-20261004,24.708683013916016,0.19899481534957886,0.019143283367156982,0,0.20660333335399628
9,0,lsa-inspired-high-malicious40-late20-seed42-20261004,28.30508041381836,0.2244754284620285,0.02092987298965454,0,0.21832363307476044
9,1,lsa-inspired-high-malicious40-late20-seed42-20261004,26.275304794311523,0.21230414509773254,0.020924150943756104,0,0.23389063775539398
9,2,lsa-inspired-high-malicious40-late20-seed42-20261004,25.756040573120117,0.2038610875606537,0.019888252019882202,0,0.22853058576583862
9,3,lsa-inspired-high-malicious40-late20-seed42-20261004,25.809106826782227,0.2121659368276596,0.021639704704284668,0,0.23910118639469147
9,4,lsa-inspired-high-malicious40-late20-seed42-20261004,26.218555450439453,0.21381507813930511,0.021710097789764404,0,0.23527905344963074
10,0,lsa-inspired-high-malicious40-late20-seed42-20261004,28.009990692138672,0.22246451675891876,0.02068382501602173,0,0.23620682954788208
10,1,lsa-inspired-high-malicious40-late20-seed42-20261004,25.058427810668945,0.2034885585308075,0.020837098360061646,0,0.26267167925834656
10,2,lsa-inspired-high-malicious40-late20-seed42-20261004,25.797645568847656,0.20303627848625183,0.019746363162994385,0,0.2461741715669632
10,3,lsa-inspired-high-malicious40-late20-seed42-20261004,24.456567764282227,0.20155012607574463,0.021029502153396606,0,0.26569971442222595
10,4,lsa-inspired-high-malicious40-late20-seed42-20261004,25.079082489013672,0.20490048825740814,0.021166056394577026,0,0.25858575105667114
11,0,lsa-inspired-high-malicious40-late20-seed42-20261004,25.255268096923828,0.19878263771533966,0.018903464078903198,0,0.24720370769500732
11,1,lsa-inspired-high-malicious40-late20-seed42-20261004,21.88650894165039,0.17500966787338257,0.018106043338775635,0,0.2848482131958008
11,2,lsa-inspired-high-malicious40-late20-seed42-20261004,24.122074127197266,0.18592554330825806,0.01730436086654663,0,0.2517213523387909
11,3,lsa-inspired-high-malicious40-late20-seed42-20261004,21.569900512695312,0.17415155470371246,0.01801440119743347,0,0.2832455039024353
11,4,lsa-inspired-high-malicious40-late20-seed42-20261004,22.607192993164062,0.1821872442960739,0.01834923028945923,0,0.26898935437202454
12,0,lsa-inspired-high-malicious40-late20-seed42-20261004,22.572004318237305,0.1728755533695221,0.01766590029001236,0,0.2455180436372757
12,1,lsa-inspired-high-malicious40-late20-seed42-20261004,18.88655662536621,0.14641259610652924,0.014872252941131592,0,0.2956411838531494
12,2,lsa-inspired-high-malicious40-late20-seed42-20261004,22.159435272216797,0.16624465584754944,0.014155954122543335,0,0.24452288448810577
12,3,lsa-inspired-high-malicious40-late20-seed42-20261004,18.918615341186523,0.14758746325969696,0.014628082513809204,0,0.28634288907051086
12,4,lsa-inspired-high-malicious40-late20-seed42-20261004,20.290346145629883,0.1596243977546692,0.015113651752471924,0,0.26613157987594604
13,0,lsa-inspired-high-malicious40-late20-seed42-20261004,20.394298553466797,0.15301558375358582,0.015556037425994873,0,0.23327428102493286
13,1,lsa-inspired-high-malicious40-late20-seed42-20261004,17.067903518676758,0.1266576647758484,0.012162059545516968,0,0.2922714650630951
13,2,lsa-inspired-high-malicious40-late20-seed42-20261004,20.591594696044922,0.1510157734155655,0.011473119258880615,0,0.2294241189956665
13,3,lsa-inspired-high-malicious40-late20-seed42-20261004,17.516782760620117,0.13136686384677887,0.011772841215133667,0,0.2715111970901489
13,4,lsa-inspired-high-malicious40-late20-seed42-20261004,19.002670288085938,0.14475640654563904,0.012529760599136353,0,0.25134629011154175
14,0,lsa-inspired-high-malicious40-late20-seed42-20261004,17.82756805419922,0.13098827004432678,0.012899145483970642,0,0.22846341133117676
14,1,lsa-inspired-high-malicious40-late20-seed42-20261004,15.322637557983398,0.11040664464235306,0.01014697551727295,0,0.2888299226760864
14,2,lsa-inspired-high-malicious40-late20-seed42-20261004,19.609163284301758,0.14084124565124512,0.009407192468643188,0,0.21094053983688354
14,3,lsa-inspired-high-malicious40-late20-seed42-20261004,16.20604705810547,0.1187010183930397,0.00971686840057373,0,0.2554504871368408
14,4,lsa-inspired-high-malicious40-late20-seed42-20261004,17.661401748657227,0.13203129172325134,0.010405749082565308,0,0.2382056564092636
15,0,lsa-inspired-high-malicious40-late20-seed42-20261004,16.416311264038086,0.11926957219839096,0.011850684881210327,0,0.2135680764913559
15,1,lsa-inspired-high-malicious40-late20-seed42-20261004,14.051982879638672,0.09895404428243637,0.00867682695388794,0,0.28266480565071106
15,2,lsa-inspired-high-malicious40-late20-seed42-20261004,18.40544891357422,0.130748450756073,0.008394554257392883,0,0.1985258311033249
15,3,lsa-inspired-high-malicious40-late20-seed42-20261004,15.419722557067871,0.1108841672539711,0.008164018392562866,0,0.23841987550258636
15,4,lsa-inspired-high-malicious40-late20-seed42-20261004,16.6361083984375,0.12275346368551254,0.008913099765777588,0,0.22568276524543762
16,0,lsa-inspired-high-malicious40-late20-seed42-20261004,40.062992095947266,0.33830708265304565,0.046164464205503464,1,-0.028635172173380852
16,1,lsa-inspired-high-malicious40-late20-seed42-20261004,37.720638275146484,0.30909571051597595,0.03914106637239456,1,-0.03130336478352547
16,2,lsa-inspired-high-malicious40-late20-seed42-20261004,17.514841079711914,0.12357646971940994,0.00789634883403778,0,0.18588173389434814
16,3,lsa-inspired-high-malicious40-late20-seed42-20261004,14.681453704833984,0.10453418642282486,0.006985515356063843,0,0.22400198876857758
16,4,lsa-inspired-high-malicious40-late20-seed42-20261004,15.856489181518555,0.11549995839595795,0.007814407348632812,0,0.2144833207130432
17,0,lsa-inspired-high-malicious40-late20-seed42-20261004,33.46965408325195,0.27770787477493286,0.03929582238197327,1,-0.00717331375926733
17,1,lsa-inspired-high-malicious40-late20-seed42-20261004,30.282506942749023,0.24642522633075714,0.02884965017437935,1,-0.010088182054460049
17,2,lsa-inspired-high-malicious40-late20-seed42-20261004,19.06751251220703,0.13691794872283936,0.008803334087133408,0,0.1630437970161438
17,3,lsa-inspired-high-malicious40-late20-seed42-20261004,15.927062034606934,0.11309982091188431,0.007603101432323456,0,0.20465689897537231
17,4,lsa-inspired-high-malicious40-late20-seed42-20261004,18.3840389251709,0.13439789414405823,0.0078982412815094,0,0.17468459904193878
18,0,lsa-inspired-high-malicious40-late20-seed42-20261004,31.226327896118164,0.2573431432247162,0.03707569092512131,1,0.00560979638248682
18,1,lsa-inspired-high-malicious40-late20-seed42-20261004,27.297088623046875,0.2207532376050949,0.025647059082984924,1,0.006095419637858868
18,2,lsa-inspired-high-malicious40-late20-seed42-20261004,19.049240112304688,0.13868092000484467,0.010282494127750397,0,0.15721867978572845
18,3,lsa-inspired-high-malicious40-late20-seed42-20261004,16.836986541748047,0.12053629010915756,0.008440129458904266,0,0.1889415830373764
18,4,lsa-inspired-high-malicious40-late20-seed42-20261004,18.35144805908203,0.1356787085533142,0.009793370962142944,0,0.1677856296300888
19,0,lsa-inspired-high-malicious40-late20-seed42-20261004,29.60417938232422,0.244400754570961,0.034761685878038406,1,0.014575970359146595
19,1,lsa-inspired-high-malicious40-late20-seed42-20261004,26.058856964111328,0.20777587592601776,0.023472916334867477,1,0.01539066806435585
19,2,lsa-inspired-high-malicious40-late20-seed42-20261004,18.75788688659668,0.1371881514787674,0.010742723941802979,0,0.15512432157993317
19,3,lsa-inspired-high-malicious40-late20-seed42-20261004,16.74261474609375,0.11958062648773193,0.007699169218540192,0,0.19040048122406006
19,4,lsa-inspired-high-malicious40-late20-seed42-20261004,18.201499938964844,0.13495536148548126,0.010207459330558777,0,0.16614249348640442
20,0,lsa-inspired-high-malicious40-late20-seed42-20261004,29.474525451660156,0.24093714356422424,0.032257530838251114,1,0.01841379888355732
20,1,lsa-inspired-high-malicious40-late20-seed42-20261004,25.127151489257812,0.19859671592712402,0.022367028519511223,1,0.02141602337360382
20,2,lsa-inspired-high-malicious40-late20-seed42-20261004,18.213788986206055,0.13483379781246185,0.011187147349119186,0,0.15148723125457764
20,3,lsa-inspired-high-malicious40-late20-seed42-20261004,16.873287200927734,0.1213202103972435,0.007425457239151001,0,0.1809559464454651
20,4,lsa-inspired-high-malicious40-late20-seed42-20261004,18.040271759033203,0.13416361808776855,0.010714203119277954,0,0.1611313819885254
