experiment_id,round,client_id,layer_name,feature_name,feature_value,ground_truth
lsa-mnist-attack-smoke-20261004,1,0,conv1,mean,2.210402744822204e-05,1
lsa-mnist-attack-smoke-20261004,1,0,conv1,std,0.00030108510406969853,1
lsa-mnist-attack-smoke-20261004,1,0,conv1,median,-1.7136335372924805e-07,1
lsa-mnist-attack-smoke-20261004,1,0,conv1,min,-0.0009980201721191406,1
lsa-mnist-attack-smoke-20261004,1,0,conv1,max,0.0007658302783966064,1
lsa-mnist-attack-smoke-20261004,1,0,conv1,l1,0.0375178437680006,1
lsa-mnist-attack-smoke-20261004,1,0,conv1,l2,0.0038187082197432775,1
lsa-mnist-attack-smoke-20261004,1,0,conv1,max_abs,0.0009980201721191406,1
lsa-mnist-attack-smoke-20261004,1,0,conv1,sparsity,0.0,1
lsa-mnist-attack-smoke-20261004,1,0,conv1,skewness,-0.2923716206003282,1
lsa-mnist-attack-smoke-20261004,1,0,conv1,kurtosis,0.328965010312237,1
lsa-mnist-attack-smoke-20261004,1,0,conv2,mean,-1.9550567271237624e-05,1
lsa-mnist-attack-smoke-20261004,1,0,conv2,std,0.0002528118939217234,1
lsa-mnist-attack-smoke-20261004,1,0,conv2,median,-2.9816292226314545e-06,1
lsa-mnist-attack-smoke-20261004,1,0,conv2,min,-0.0018393062055110931,1
lsa-mnist-attack-smoke-20261004,1,0,conv2,max,0.0014250017702579498,1
lsa-mnist-attack-smoke-20261004,1,0,conv2,l1,0.7259262531317745,1
lsa-mnist-attack-smoke-20261004,1,0,conv2,l2,0.017272342160939546,1
lsa-mnist-attack-smoke-20261004,1,0,conv2,max_abs,0.0018393062055110931,1
lsa-mnist-attack-smoke-20261004,1,0,conv2,sparsity,0.00021551724137931034,1
lsa-mnist-attack-smoke-20261004,1,0,conv2,skewness,-0.6564581518075165,1
lsa-mnist-attack-smoke-20261004,1,0,conv2,kurtosis,6.806583003529518,1
lsa-mnist-attack-smoke-20261004,1,0,fc1,mean,-1.284083725905765e-05,1
lsa-mnist-attack-smoke-20261004,1,0,fc1,std,0.0002033845252347717,1
lsa-mnist-attack-smoke-20261004,1,0,fc1,median,-1.862645149230957e-09,1
lsa-mnist-attack-smoke-20261004,1,0,fc1,min,-0.0037501598708331585,1
lsa-mnist-attack-smoke-20261004,1,0,fc1,max,0.003039419651031494,1
lsa-mnist-attack-smoke-20261004,1,0,fc1,l1,10.183575804660933,1
lsa-mnist-attack-smoke-20261004,1,0,fc1,l2,0.06457779621484933,1
lsa-mnist-attack-smoke-20261004,1,0,fc1,max_abs,0.0037501598708331585,1
lsa-mnist-attack-smoke-20261004,1,0,fc1,sparsity,0.05003186743148502,1
lsa-mnist-attack-smoke-20261004,1,0,fc1,skewness,-0.609190239864449,1
lsa-mnist-attack-smoke-20261004,1,0,fc1,kurtosis,25.521087818606848,1
lsa-mnist-attack-smoke-20261004,1,0,output,mean,-4.1452809595144714e-10,1
lsa-mnist-attack-smoke-20261004,1,0,output,std,0.0023358043653073242,1
lsa-mnist-attack-smoke-20261004,1,0,output,median,-0.0001485683023929596,1
lsa-mnist-attack-smoke-20261004,1,0,output,min,-0.007303403690457344,1
lsa-mnist-attack-smoke-20261004,1,0,output,max,0.03827105090022087,1
lsa-mnist-attack-smoke-20261004,1,0,output,l1,0.5365302323480137,1
lsa-mnist-attack-smoke-20261004,1,0,output,l2,0.05955156019318721,1
lsa-mnist-attack-smoke-20261004,1,0,output,max_abs,0.03827105090022087,1
lsa-mnist-attack-smoke-20261004,1,0,output,sparsity,0.015384615384615385,1
lsa-mnist-attack-smoke-20261004,1,0,output,skewness,8.51701232631906,1
lsa-mnist-attack-smoke-20261004,1,0,output,kurtosis,118.114842007004,1
lsa-mnist-attack-smoke-20261004,1,1,conv1,mean,-8.055896614678204e-07,0
lsa-mnist-attack-smoke-20261004,1,1,conv1,std,0.0002949839723382335,0
lsa-mnist-attack-smoke-20261004,1,1,conv1,median,-5.334615707397461e-06,0
lsa-mnist-attack-smoke-20261004,1,1,conv1,min,-0.001190289855003357,0
lsa-mnist-attack-smoke-20261004,1,1,conv1,max,0.0006835758686065674,0
lsa-mnist-attack-smoke-20261004,1,1,conv1,l1,0.03509795921854675,0
lsa-mnist-attack-smoke-20261004,1,1,conv1,l2,0.003731298817541074,0
lsa-mnist-attack-smoke-20261004,1,1,conv1,max_abs,0.001190289855003357,0
lsa-mnist-attack-smoke-20261004,1,1,conv1,sparsity,0.0,0
lsa-mnist-attack-smoke-20261004,1,1,conv1,skewness,-0.45513940150364596,0
lsa-mnist-attack-smoke-20261004,1,1,conv1,kurtosis,1.1292712018373416,0
lsa-mnist-attack-smoke-20261004,1,1,conv2,mean,-2.7316334545495355e-05,0
lsa-mnist-attack-smoke-20261004,1,1,conv2,std,0.0002730370276184307,0
lsa-mnist-attack-smoke-20261004,1,1,conv2,median,-7.764436304569244e-06,0
lsa-mnist-attack-smoke-20261004,1,1,conv2,min,-0.001914922147989273,0
lsa-mnist-attack-smoke-20261004,1,1,conv2,max,0.0013894103467464447,0
lsa-mnist-attack-smoke-20261004,1,1,conv2,l1,0.790629804197124,0
lsa-mnist-attack-smoke-20261004,1,1,conv2,l2,0.01869145951252631,0
lsa-mnist-attack-smoke-20261004,1,1,conv2,max_abs,0.001914922147989273,0
lsa-mnist-attack-smoke-20261004,1,1,conv2,sparsity,0.0010775862068965517,0
lsa-mnist-attack-smoke-20261004,1,1,conv2,skewness,-0.7423884196329884,0
lsa-mnist-attack-smoke-20261004,1,1,conv2,kurtosis,6.933389853563689,0
lsa-mnist-attack-smoke-20261004,1,1,fc1,mean,-1.585303208761331e-05,0
lsa-mnist-attack-smoke-20261004,1,1,fc1,std,0.00020182494031405245,0
lsa-mnist-attack-smoke-20261004,1,1,fc1,median,-3.3527612686157227e-08,0
lsa-mnist-attack-smoke-20261004,1,1,fc1,min,-0.00328721571713686,0
lsa-mnist-attack-smoke-20261004,1,1,fc1,max,0.00281609408557415,0
lsa-mnist-attack-smoke-20261004,1,1,fc1,l1,10.372035141087622,0
lsa-mnist-attack-smoke-20261004,1,1,fc1,l2,0.06415225732568088,0
lsa-mnist-attack-smoke-20261004,1,1,fc1,max_abs,0.00328721571713686,0
lsa-mnist-attack-smoke-20261004,1,1,fc1,sparsity,0.07188097514340344,0
lsa-mnist-attack-smoke-20261004,1,1,fc1,skewness,-0.6179254011299808,0
lsa-mnist-attack-smoke-20261004,1,1,fc1,kurtosis,22.061189105155403,0
lsa-mnist-attack-smoke-20261004,1,1,output,mean,-4.696910484479024e-11,0
lsa-mnist-attack-smoke-20261004,1,1,output,std,0.0005855359837015951,0
lsa-mnist-attack-smoke-20261004,1,1,output,median,-1.9069761037826538e-05,0
lsa-mnist-attack-smoke-20261004,1,1,output,min,-0.004067808389663696,0
lsa-mnist-attack-smoke-20261004,1,1,output,max,0.003130272962152958,0
lsa-mnist-attack-smoke-20261004,1,1,output,l1,0.2213062328810338,0
lsa-mnist-attack-smoke-20261004,1,1,output,l2,0.014928297034025949,0
lsa-mnist-attack-smoke-20261004,1,1,output,max_abs,0.004067808389663696,0
lsa-mnist-attack-smoke-20261004,1,1,output,sparsity,0.015384615384615385,0
lsa-mnist-attack-smoke-20261004,1,1,output,skewness,0.7994850988575968,0
lsa-mnist-attack-smoke-20261004,1,1,output,kurtosis,10.037406730674155,0
lsa-mnist-attack-smoke-20261004,1,2,conv1,mean,2.3818090267013758e-05,0
lsa-mnist-attack-smoke-20261004,1,2,conv1,std,0.00031637021673088016,0
lsa-mnist-attack-smoke-20261004,1,2,conv1,median,2.1502375602722168e-05,0
lsa-mnist-attack-smoke-20261004,1,2,conv1,min,-0.0007715299725532532,0
lsa-mnist-attack-smoke-20261004,1,2,conv1,max,0.0009686648845672607,0
lsa-mnist-attack-smoke-20261004,1,2,conv1,l1,0.038662457605823874,0
lsa-mnist-attack-smoke-20261004,1,2,conv1,l2,0.004013126770154398,0
lsa-mnist-attack-smoke-20261004,1,2,conv1,max_abs,0.0009686648845672607,0
lsa-mnist-attack-smoke-20261004,1,2,conv1,sparsity,0.0,0
lsa-mnist-attack-smoke-20261004,1,2,conv1,skewness,0.06228515505590396,0
lsa-mnist-attack-smoke-20261004,1,2,conv1,kurtosis,0.7231752746903295,0
lsa-mnist-attack-smoke-20261004,1,2,conv2,mean,-1.7638969481187562e-05,0
lsa-mnist-attack-smoke-20261004,1,2,conv2,std,0.0002542640454454004,0
lsa-mnist-attack-smoke-20261004,1,2,conv2,median,-3.5017728805541992e-06,0
lsa-mnist-attack-smoke-20261004,1,2,conv2,min,-0.0018912442028522491,0
lsa-mnist-attack-smoke-20261004,1,2,conv2,max,0.0013666749000549316,0
lsa-mnist-attack-smoke-20261004,1,2,conv2,l1,0.7266025004209951,0
lsa-mnist-attack-smoke-20261004,1,2,conv2,l2,0.017361469078245415,0
lsa-mnist-attack-smoke-20261004,1,2,conv2,max_abs,0.0018912442028522491,0
lsa-mnist-attack-smoke-20261004,1,2,conv2,sparsity,0.0,0
lsa-mnist-attack-smoke-20261004,1,2,conv2,skewness,-0.5527870332222491,0
lsa-mnist-attack-smoke-20261004,1,2,conv2,kurtosis,7.641638071916576,0
lsa-mnist-attack-smoke-20261004,1,2,fc1,mean,-9.868122902346945e-06,0
lsa-mnist-attack-smoke-20261004,1,2,fc1,std,0.00020348810536794827,0
lsa-mnist-attack-smoke-20261004,1,2,fc1,median,0.0,0
lsa-mnist-attack-smoke-20261004,1,2,fc1,min,-0.003322632983326912,0
lsa-mnist-attack-smoke-20261004,1,2,fc1,max,0.002904338762164116,0
lsa-mnist-attack-smoke-20261004,1,2,fc1,l1,10.128629579973222,0
lsa-mnist-attack-smoke-20261004,1,2,fc1,l2,0.06455807369924894,0
lsa-mnist-attack-smoke-20261004,1,2,fc1,max_abs,0.003322632983326912,0
lsa-mnist-attack-smoke-20261004,1,2,fc1,sparsity,0.07152246653919694,0
lsa-mnist-attack-smoke-20261004,1,2,fc1,skewness,-0.4204363838188252,0
lsa-mnist-attack-smoke-20261004,1,2,fc1,kurtosis,24.17955154333067,0
lsa-mnist-attack-smoke-20261004,1,2,output,mean,2.3224856704473497e-10,0
lsa-mnist-attack-smoke-20261004,1,2,output,std,0.0005247936438559501,0
lsa-mnist-attack-smoke-20261004,1,2,output,median,-8.955597877502441e-06,0
lsa-mnist-attack-smoke-20261004,1,2,output,min,-0.0034222789108753204,0
lsa-mnist-attack-smoke-20261004,1,2,output,max,0.0032806023955345154,0
lsa-mnist-attack-smoke-20261004,1,2,output,l1,0.20497157881618477,0
lsa-mnist-attack-smoke-20261004,1,2,output,l2,0.013379665153156067,0
lsa-mnist-attack-smoke-20261004,1,2,output,max_abs,0.0034222789108753204,0
lsa-mnist-attack-smoke-20261004,1,2,output,sparsity,0.015384615384615385,0
lsa-mnist-attack-smoke-20261004,1,2,output,skewness,0.9196533977163629,0
lsa-mnist-attack-smoke-20261004,1,2,output,kurtosis,9.339100983451917,0
lsa-mnist-attack-smoke-20261004,1,3,conv1,mean,2.425586062599905e-05,0
lsa-mnist-attack-smoke-20261004,1,3,conv1,std,0.00035180680790366646,0
lsa-mnist-attack-smoke-20261004,1,3,conv1,median,2.218782901763916e-05,0
lsa-mnist-attack-smoke-20261004,1,3,conv1,min,-0.0011418238282203674,0
lsa-mnist-attack-smoke-20261004,1,3,conv1,max,0.001037880778312683,0
lsa-mnist-attack-smoke-20261004,1,3,conv1,l1,0.04323259100783616,0
lsa-mnist-attack-smoke-20261004,1,3,conv1,l2,0.004460607615329107,0
lsa-mnist-attack-smoke-20261004,1,3,conv1,max_abs,0.0011418238282203674,0
lsa-mnist-attack-smoke-20261004,1,3,conv1,sparsity,0.0,0
lsa-mnist-attack-smoke-20261004,1,3,conv1,skewness,-0.16707594830375036,0
lsa-mnist-attack-smoke-20261004,1,3,conv1,kurtosis,0.6790252888538157,0
lsa-mnist-attack-smoke-20261004,1,3,conv2,mean,-3.119772510876044e-06,0
lsa-mnist-attack-smoke-20261004,1,3,conv2,std,0.00028521172289894926,0
lsa-mnist-attack-smoke-20261004,1,3,conv2,median,1.3150274753570557e-06,0
lsa-mnist-attack-smoke-20261004,1,3,conv2,min,-0.002059768885374069,0
lsa-mnist-attack-smoke-20261004,1,3,conv2,max,0.0016230624169111252,0
lsa-mnist-attack-smoke-20261004,1,3,conv2,l1,0.8138502521760529,0
lsa-mnist-attack-smoke-20261004,1,3,conv2,l2,0.019429084737787077,0
lsa-mnist-attack-smoke-20261004,1,3,conv2,max_abs,0.002059768885374069,0
lsa-mnist-attack-smoke-20261004,1,3,conv2,sparsity,0.0004310344827586207,0
lsa-mnist-attack-smoke-20261004,1,3,conv2,skewness,-0.3373083727580279,0
lsa-mnist-attack-smoke-20261004,1,3,conv2,kurtosis,6.739710429099587,0
lsa-mnist-attack-smoke-20261004,1,3,fc1,mean,-1.0702770929699685e-05,0
lsa-mnist-attack-smoke-20261004,1,3,fc1,std,0.00022547220846059267,0
lsa-mnist-attack-smoke-20261004,1,3,fc1,median,0.0,0
lsa-mnist-attack-smoke-20261004,1,3,fc1,min,-0.004460759460926056,0
lsa-mnist-attack-smoke-20261004,1,3,fc1,max,0.003436736762523651,0
lsa-mnist-attack-smoke-20261004,1,3,fc1,l1,11.172941725238445,0
lsa-mnist-attack-smoke-20261004,1,3,fc1,l2,0.07152917413239178,0
lsa-mnist-attack-smoke-20261004,1,3,fc1,max_abs,0.004460759460926056,0
lsa-mnist-attack-smoke-20261004,1,3,fc1,sparsity,0.06973988209050351,0
lsa-mnist-attack-smoke-20261004,1,3,fc1,skewness,-0.7127050578813999,0
lsa-mnist-attack-smoke-20261004,1,3,fc1,kurtosis,27.747097781114462,0
lsa-mnist-attack-smoke-20261004,1,3,output,mean,-5.587935447692871e-11,0
lsa-mnist-attack-smoke-20261004,1,3,output,std,0.0006376014151706946,0
lsa-mnist-attack-smoke-20261004,1,3,output,median,-1.54152512550354e-05,0
lsa-mnist-attack-smoke-20261004,1,3,output,min,-0.0044699907302856445,0
lsa-mnist-attack-smoke-20261004,1,3,output,max,0.004620589315891266,0
lsa-mnist-attack-smoke-20261004,1,3,output,l1,0.23771252087317407,0
lsa-mnist-attack-smoke-20261004,1,3,output,l2,0.016255710289248795,0
lsa-mnist-attack-smoke-20261004,1,3,output,max_abs,0.004620589315891266,0
lsa-mnist-attack-smoke-20261004,1,3,output,sparsity,0.015384615384615385,0
lsa-mnist-attack-smoke-20261004,1,3,output,skewness,1.0724898932118978,0
lsa-mnist-attack-smoke-20261004,1,3,output,kurtosis,13.901468599178322,0
lsa-mnist-attack-smoke-20261004,1,4,conv1,mean,4.1149296885123475e-05,0
lsa-mnist-attack-smoke-20261004,1,4,conv1,std,0.0003216528865647625,0
lsa-mnist-attack-smoke-20261004,1,4,conv1,median,2.7254223823547363e-05,0
lsa-mnist-attack-smoke-20261004,1,4,conv1,min,-0.0009411126375198364,0
lsa-mnist-attack-smoke-20261004,1,4,conv1,max,0.0007703900337219238,0
lsa-mnist-attack-smoke-20261004,1,4,conv1,l1,0.040983368060551584,0
lsa-mnist-attack-smoke-20261004,1,4,conv1,l2,0.004101781936077713,0
lsa-mnist-attack-smoke-20261004,1,4,conv1,max_abs,0.0009411126375198364,0
lsa-mnist-attack-smoke-20261004,1,4,conv1,sparsity,0.0,0
lsa-mnist-attack-smoke-20261004,1,4,conv1,skewness,-0.3362194321979605,0
lsa-mnist-attack-smoke-20261004,1,4,conv1,kurtosis,-0.1272080246794185,0
lsa-mnist-attack-smoke-20261004,1,4,conv2,mean,-3.0127175327167824e-05,0
lsa-mnist-attack-smoke-20261004,1,4,conv2,std,0.00027884118608908473,0
lsa-mnist-attack-smoke-20261004,1,4,conv2,median,-6.757676601409912e-06,0
lsa-mnist-attack-smoke-20261004,1,4,conv2,min,-0.0016993694007396698,0
lsa-mnist-attack-smoke-20261004,1,4,conv2,max,0.0016294419765472412,0
lsa-mnist-attack-smoke-20261004,1,4,conv2,l1,0.8147833389293737,0
lsa-mnist-attack-smoke-20261004,1,4,conv2,l2,0.01910451908352611,0
lsa-mnist-attack-smoke-20261004,1,4,conv2,max_abs,0.0016993694007396698,0
lsa-mnist-attack-smoke-20261004,1,4,conv2,sparsity,0.00021551724137931034,0
lsa-mnist-attack-smoke-20261004,1,4,conv2,skewness,-0.5180403870435583,0
lsa-mnist-attack-smoke-20261004,1,4,conv2,kurtosis,4.8977957484207995,0
lsa-mnist-attack-smoke-20261004,1,4,fc1,mean,-1.4939423251076193e-05,0
lsa-mnist-attack-smoke-20261004,1,4,fc1,std,0.00021938232239003338,0
lsa-mnist-attack-smoke-20261004,1,4,fc1,median,0.0,0
lsa-mnist-attack-smoke-20261004,1,4,fc1,min,-0.004616023972630501,0
lsa-mnist-attack-smoke-20261004,1,4,fc1,max,0.0033089350908994675,0
lsa-mnist-attack-smoke-20261004,1,4,fc1,l1,10.878039785283818,0
lsa-mnist-attack-smoke-20261004,1,4,fc1,l2,0.06967993483755254,0
lsa-mnist-attack-smoke-20261004,1,4,fc1,max_abs,0.004616023972630501,0
lsa-mnist-attack-smoke-20261004,1,4,fc1,sparsity,0.06847514340344169,0
lsa-mnist-attack-smoke-20261004,1,4,fc1,skewness,-0.7368360102072176,0
lsa-mnist-attack-smoke-20261004,1,4,fc1,kurtosis,26.449595295491726,0
lsa-mnist-attack-smoke-20261004,1,4,output,mean,-6.013299123598979e-11,0
lsa-mnist-attack-smoke-20261004,1,4,output,std,0.0006654675201176899,0
lsa-mnist-attack-smoke-20261004,1,4,output,median,-1.5556812286376953e-05,0
lsa-mnist-attack-smoke-20261004,1,4,output,min,-0.0047114938497543335,0
lsa-mnist-attack-smoke-20261004,1,4,output,max,0.006074748933315277,0
lsa-mnist-attack-smoke-20261004,1,4,output,l1,0.24233111130888574,0
lsa-mnist-attack-smoke-20261004,1,4,output,l2,0.016966159353711572,0
lsa-mnist-attack-smoke-20261004,1,4,output,max_abs,0.006074748933315277,0
lsa-mnist-attack-smoke-20261004,1,4,output,sparsity,0.015384615384615385,0
lsa-mnist-attack-smoke-20261004,1,4,output,skewness,1.2134714642949742,0
lsa-mnist-attack-smoke-20261004,1,4,output,kurtosis,19.051727729935045,0
lsa-mnist-attack-smoke-20261004,2,0,conv1,mean,0.00023319505344261416,1
lsa-mnist-attack-smoke-20261004,2,0,conv1,std,0.0005133972412450757,1
lsa-mnist-attack-smoke-20261004,2,0,conv1,median,9.138137102127075e-05,1
lsa-mnist-attack-smoke-20261004,2,0,conv1,min,-0.0006810426712036133,1
lsa-mnist-attack-smoke-20261004,2,0,conv1,max,0.0018893182277679443,1
lsa-mnist-attack-smoke-20261004,2,0,conv1,l1,0.059959002886898816,1
lsa-mnist-attack-smoke-20261004,2,0,conv1,l2,0.00713253570919244,1
lsa-mnist-attack-smoke-20261004,2,0,conv1,max_abs,0.0018893182277679443,1
lsa-mnist-attack-smoke-20261004,2,0,conv1,sparsity,0.0,1
lsa-mnist-attack-smoke-20261004,2,0,conv1,skewness,1.1288036288255618,1
lsa-mnist-attack-smoke-20261004,2,0,conv1,kurtosis,0.9640751055670251,1
lsa-mnist-attack-smoke-20261004,2,0,conv2,mean,6.400455259953843e-05,1
lsa-mnist-attack-smoke-20261004,2,0,conv2,std,0.0002999429947798178,1
lsa-mnist-attack-smoke-20261004,2,0,conv2,median,1.54152512550354e-05,1
lsa-mnist-attack-smoke-20261004,2,0,conv2,min,-0.0017646942287683487,1
lsa-mnist-attack-smoke-20261004,2,0,conv2,max,0.0022379159927368164,1
lsa-mnist-attack-smoke-20261004,2,0,conv2,l1,0.8085721564930282,1
lsa-mnist-attack-smoke-20261004,2,0,conv2,l2,0.020891372777326566,1
lsa-mnist-attack-smoke-20261004,2,0,conv2,max_abs,0.0022379159927368164,1
lsa-mnist-attack-smoke-20261004,2,0,conv2,sparsity,0.0,1
lsa-mnist-attack-smoke-20261004,2,0,conv2,skewness,1.7217388015992499,1
lsa-mnist-attack-smoke-20261004,2,0,conv2,kurtosis,10.841355408164887,1
lsa-mnist-attack-smoke-20261004,2,0,fc1,mean,1.3456543227910496e-05,1
lsa-mnist-attack-smoke-20261004,2,0,fc1,std,0.00019970903132797606,1
lsa-mnist-attack-smoke-20261004,2,0,fc1,median,0.0,1
lsa-mnist-attack-smoke-20261004,2,0,fc1,min,-0.0032525304704904556,1
lsa-mnist-attack-smoke-20261004,2,0,fc1,max,0.0035940371453762054,1
lsa-mnist-attack-smoke-20261004,2,0,fc1,l1,9.711457495731992,1
lsa-mnist-attack-smoke-20261004,2,0,fc1,l2,0.06342826279878827,1
lsa-mnist-attack-smoke-20261004,2,0,fc1,max_abs,0.0035940371453762054,1
lsa-mnist-attack-smoke-20261004,2,0,fc1,sparsity,0.05112731038878266,1
lsa-mnist-attack-smoke-20261004,2,0,fc1,skewness,1.0754187057959372,1
lsa-mnist-attack-smoke-20261004,2,0,fc1,kurtosis,26.630086965855817,1
lsa-mnist-attack-smoke-20261004,2,0,output,mean,2.1375644092376417e-10,1
lsa-mnist-attack-smoke-20261004,2,0,output,std,0.0023956646012741846,1
lsa-mnist-attack-smoke-20261004,2,0,output,median,-0.0001377016305923462,1
lsa-mnist-attack-smoke-20261004,2,0,output,min,-0.006884358823299408,1
lsa-mnist-attack-smoke-20261004,2,0,output,max,0.036903560161590576,1
lsa-mnist-attack-smoke-20261004,2,0,output,l1,0.5370650624972768,1
lsa-mnist-attack-smoke-20261004,2,0,output,l2,0.06107770274960297,1
lsa-mnist-attack-smoke-20261004,2,0,output,max_abs,0.036903560161590576,1
lsa-mnist-attack-smoke-20261004,2,0,output,sparsity,0.015384615384615385,1
lsa-mnist-attack-smoke-20261004,2,0,output,skewness,8.008720279700638,1
lsa-mnist-attack-smoke-20261004,2,0,output,kurtosis,99.11102679907975,1
lsa-mnist-attack-smoke-20261004,2,1,conv1,mean,0.00020295920403441415,0
lsa-mnist-attack-smoke-20261004,2,1,conv1,std,0.0004826215331581113,0
lsa-mnist-attack-smoke-20261004,2,1,conv1,median,7.984787225723267e-05,0
lsa-mnist-attack-smoke-20261004,2,1,conv1,min,-0.0006711632013320923,0
lsa-mnist-attack-smoke-20261004,2,1,conv1,max,0.0017479956150054932,0
lsa-mnist-attack-smoke-20261004,2,1,conv1,l1,0.058161773486062884,0
lsa-mnist-attack-smoke-20261004,2,1,conv1,l2,0.006622579349711637,0
lsa-mnist-attack-smoke-20261004,2,1,conv1,max_abs,0.0017479956150054932,0
lsa-mnist-attack-smoke-20261004,2,1,conv1,sparsity,0.0,0
lsa-mnist-attack-smoke-20261004,2,1,conv1,skewness,0.9553061105719194,0
lsa-mnist-attack-smoke-20261004,2,1,conv1,kurtosis,0.7649837303951714,0
lsa-mnist-attack-smoke-20261004,2,1,conv2,mean,5.762505977247264e-05,0
lsa-mnist-attack-smoke-20261004,2,1,conv2,std,0.000293628857895381,0
lsa-mnist-attack-smoke-20261004,2,1,conv2,median,1.5990808606147766e-05,0
lsa-mnist-attack-smoke-20261004,2,1,conv2,min,-0.001719646155834198,0
lsa-mnist-attack-smoke-20261004,2,1,conv2,max,0.0021124575287103653,0
lsa-mnist-attack-smoke-20261004,2,1,conv2,l1,0.8170798144401488,0
lsa-mnist-attack-smoke-20261004,2,1,conv2,l2,0.02038280866761627,0
lsa-mnist-attack-smoke-20261004,2,1,conv2,max_abs,0.0021124575287103653,0
lsa-mnist-attack-smoke-20261004,2,1,conv2,sparsity,0.0010775862068965517,0
lsa-mnist-attack-smoke-20261004,2,1,conv2,skewness,1.4159124964048888,0
lsa-mnist-attack-smoke-20261004,2,1,conv2,kurtosis,9.172675727836529,0
lsa-mnist-attack-smoke-20261004,2,1,fc1,mean,8.685588694553721e-06,0
lsa-mnist-attack-smoke-20261004,2,1,fc1,std,0.000199505432937135,0
lsa-mnist-attack-smoke-20261004,2,1,fc1,median,0.0,0
lsa-mnist-attack-smoke-20261004,2,1,fc1,min,-0.003294852562248707,0
lsa-mnist-attack-smoke-20261004,2,1,fc1,max,0.003291308879852295,0
lsa-mnist-attack-smoke-20261004,2,1,fc1,l1,9.884855950011456,0
lsa-mnist-attack-smoke-20261004,2,1,fc1,l2,0.06328013045850162,0
lsa-mnist-attack-smoke-20261004,2,1,fc1,max_abs,0.003294852562248707,0
lsa-mnist-attack-smoke-20261004,2,1,fc1,sparsity,0.07470920968769917,0
lsa-mnist-attack-smoke-20261004,2,1,fc1,skewness,0.580436696421837,0
lsa-mnist-attack-smoke-20261004,2,1,fc1,kurtosis,24.421545019542357,0
lsa-mnist-attack-smoke-20261004,2,1,output,mean,-2.7330735555061925e-10,0
lsa-mnist-attack-smoke-20261004,2,1,output,std,0.0005860649103559048,0
lsa-mnist-attack-smoke-20261004,2,1,output,median,-1.1999160051345825e-05,0
lsa-mnist-attack-smoke-20261004,2,1,output,min,-0.0038761869072914124,0
lsa-mnist-attack-smoke-20261004,2,1,output,max,0.0030154716223478317,0
lsa-mnist-attack-smoke-20261004,2,1,output,l1,0.2320009459508583,0
lsa-mnist-attack-smoke-20261004,2,1,output,l2,0.014941782070685448,0
lsa-mnist-attack-smoke-20261004,2,1,output,max_abs,0.0038761869072914124,0
lsa-mnist-attack-smoke-20261004,2,1,output,sparsity,0.015384615384615385,0
lsa-mnist-attack-smoke-20261004,2,1,output,skewness,0.7289106381401065,0
lsa-mnist-attack-smoke-20261004,2,1,output,kurtosis,7.194284641030649,0
lsa-mnist-attack-smoke-20261004,2,2,conv1,mean,0.00022831573951407336,0
lsa-mnist-attack-smoke-20261004,2,2,conv1,std,0.0005333782163396523,0
lsa-mnist-attack-smoke-20261004,2,2,conv1,median,9.579584002494812e-05,0
lsa-mnist-attack-smoke-20261004,2,2,conv1,min,-0.0008151233196258545,0
lsa-mnist-attack-smoke-20261004,2,2,conv1,max,0.001998722553253174,0
lsa-mnist-attack-smoke-20261004,2,2,conv1,l1,0.06072054652031511,0
lsa-mnist-attack-smoke-20261004,2,2,conv1,l2,0.0073388870935642775,0
lsa-mnist-attack-smoke-20261004,2,2,conv1,max_abs,0.001998722553253174,0
lsa-mnist-attack-smoke-20261004,2,2,conv1,sparsity,0.0,0
lsa-mnist-attack-smoke-20261004,2,2,conv1,skewness,1.151257656039452,0
lsa-mnist-attack-smoke-20261004,2,2,conv1,kurtosis,0.9121834566028952,0
lsa-mnist-attack-smoke-20261004,2,2,conv2,mean,6.300657031605907e-05,0
lsa-mnist-attack-smoke-20261004,2,2,conv2,std,0.00031382262493433974,0
lsa-mnist-attack-smoke-20261004,2,2,conv2,median,1.4023855328559875e-05,0
lsa-mnist-attack-smoke-20261004,2,2,conv2,min,-0.0020610690116882324,0
lsa-mnist-attack-smoke-20261004,2,2,conv2,max,0.002467215061187744,0
lsa-mnist-attack-smoke-20261004,2,2,conv2,l1,0.8258606477866124,0
lsa-mnist-attack-smoke-20261004,2,2,conv2,l2,0.021803410987775215,0
lsa-mnist-attack-smoke-20261004,2,2,conv2,max_abs,0.002467215061187744,0
lsa-mnist-attack-smoke-20261004,2,2,conv2,sparsity,0.0,0
lsa-mnist-attack-smoke-20261004,2,2,conv2,skewness,1.702080487562753,0
lsa-mnist-attack-smoke-20261004,2,2,conv2,kurtosis,12.56694782287725,0
lsa-mnist-attack-smoke-20261004,2,2,fc1,mean,1.7043443343359467e-05,0
lsa-mnist-attack-smoke-20261004,2,2,fc1,std,0.00020313717127828964,0
lsa-mnist-attack-smoke-20261004,2,2,fc1,median,0.0,0
lsa-mnist-attack-smoke-20261004,2,2,fc1,min,-0.003380967304110527,0
lsa-mnist-attack-smoke-20261004,2,2,fc1,max,0.0036575188860297203,0
lsa-mnist-attack-smoke-20261004,2,2,fc1,l1,9.89725268858092,0
lsa-mnist-attack-smoke-20261004,2,2,fc1,l2,0.06459725915508939,0
lsa-mnist-attack-smoke-20261004,2,2,fc1,max_abs,0.0036575188860297203,0
lsa-mnist-attack-smoke-20261004,2,2,fc1,sparsity,0.07092495219885277,0
lsa-mnist-attack-smoke-20261004,2,2,fc1,skewness,1.2635724432118927,0
lsa-mnist-attack-smoke-20261004,2,2,fc1,kurtosis,26.243739334321663,0
lsa-mnist-attack-smoke-20261004,2,2,output,mean,2.81098227088268e-10,0
lsa-mnist-attack-smoke-20261004,2,2,output,std,0.0005344939511070968,0
lsa-mnist-attack-smoke-20261004,2,2,output,median,-6.299465894699097e-06,0
lsa-mnist-attack-smoke-20261004,2,2,output,min,-0.0030366703867912292,0
lsa-mnist-attack-smoke-20261004,2,2,output,max,0.0031394939869642258,0
lsa-mnist-attack-smoke-20261004,2,2,output,l1,0.21817070740507916,0
lsa-mnist-attack-smoke-20261004,2,2,output,l2,0.013626975432963854,0
lsa-mnist-attack-smoke-20261004,2,2,output,max_abs,0.0031394939869642258,0
lsa-mnist-attack-smoke-20261004,2,2,output,sparsity,0.015384615384615385,0
lsa-mnist-attack-smoke-20261004,2,2,output,skewness,0.6852449712355247,0
lsa-mnist-attack-smoke-20261004,2,2,output,kurtosis,5.635639765113954,0
lsa-mnist-attack-smoke-20261004,2,3,conv1,mean,0.0002497520443284884,0
lsa-mnist-attack-smoke-20261004,2,3,conv1,std,0.0005552181780608712,0
lsa-mnist-attack-smoke-20261004,2,3,conv1,median,9.705126285552979e-05,0
lsa-mnist-attack-smoke-20261004,2,3,conv1,min,-0.0007241517305374146,0
lsa-mnist-attack-smoke-20261004,2,3,conv1,max,0.001988530158996582,0
lsa-mnist-attack-smoke-20261004,2,3,conv1,l1,0.06591343553736806,0
lsa-mnist-attack-smoke-20261004,2,3,conv1,l2,0.007700839527173566,0
lsa-mnist-attack-smoke-20261004,2,3,conv1,max_abs,0.001988530158996582,0
lsa-mnist-attack-smoke-20261004,2,3,conv1,sparsity,0.0,0
lsa-mnist-attack-smoke-20261004,2,3,conv1,skewness,1.1006186172597303,0
lsa-mnist-attack-smoke-20261004,2,3,conv1,kurtosis,0.8654006056762675,0
lsa-mnist-attack-smoke-20261004,2,3,conv2,mean,7.796525695178796e-05,0
lsa-mnist-attack-smoke-20261004,2,3,conv2,std,0.0003276464539542239,0
lsa-mnist-attack-smoke-20261004,2,3,conv2,median,1.898081973195076e-05,0
lsa-mnist-attack-smoke-20261004,2,3,conv2,min,-0.0019076056778430939,0
lsa-mnist-attack-smoke-20261004,2,3,conv2,max,0.0024917777627706528,0
lsa-mnist-attack-smoke-20261004,2,3,conv2,l1,0.8964195545122493,0
lsa-mnist-attack-smoke-20261004,2,3,conv2,l2,0.022941639426439373,0
lsa-mnist-attack-smoke-20261004,2,3,conv2,max_abs,0.0024917777627706528,0
lsa-mnist-attack-smoke-20261004,2,3,conv2,sparsity,0.0004310344827586207,0
lsa-mnist-attack-smoke-20261004,2,3,conv2,skewness,1.7236472781646446,0
lsa-mnist-attack-smoke-20261004,2,3,conv2,kurtosis,9.250098943804856,0
lsa-mnist-attack-smoke-20261004,2,3,fc1,mean,1.4126696740500618e-05,0
lsa-mnist-attack-smoke-20261004,2,3,fc1,std,0.00021708634340398704,0
lsa-mnist-attack-smoke-20261004,2,3,fc1,median,0.0,0
lsa-mnist-attack-smoke-20261004,2,3,fc1,min,-0.0034712953492999077,0
lsa-mnist-attack-smoke-20261004,2,3,fc1,max,0.0037619108334183693,0
lsa-mnist-attack-smoke-20261004,2,3,fc1,l1,10.555959579510159,0
lsa-mnist-attack-smoke-20261004,2,3,fc1,l2,0.06893686995837107,0
lsa-mnist-attack-smoke-20261004,2,3,fc1,max_abs,0.0037619108334183693,0
lsa-mnist-attack-smoke-20261004,2,3,fc1,sparsity,0.07208014659018483,0
lsa-mnist-attack-smoke-20261004,2,3,fc1,skewness,1.0369977754907254,0
lsa-mnist-attack-smoke-20261004,2,3,fc1,kurtosis,26.109658794404005,0
lsa-mnist-attack-smoke-20261004,2,3,output,mean,-5.980613283239878e-10,0
lsa-mnist-attack-smoke-20261004,2,3,output,std,0.0006341811915138645,0
lsa-mnist-attack-smoke-20261004,2,3,output,median,-1.2082979083061218e-05,0
lsa-mnist-attack-smoke-20261004,2,3,output,min,-0.003990854136645794,0
lsa-mnist-attack-smoke-20261004,2,3,output,max,0.0036377888172864914,0
lsa-mnist-attack-smoke-20261004,2,3,output,l1,0.24807803370640613,0
lsa-mnist-attack-smoke-20261004,2,3,output,l2,0.01616851135342078,0
lsa-mnist-attack-smoke-20261004,2,3,output,max_abs,0.003990854136645794,0
lsa-mnist-attack-smoke-20261004,2,3,output,sparsity,0.015384615384615385,0
lsa-mnist-attack-smoke-20261004,2,3,output,skewness,0.8184932332514657,0
lsa-mnist-attack-smoke-20261004,2,3,output,kurtosis,8.40897091679813,0
lsa-mnist-attack-smoke-20261004,2,4,conv1,mean,0.000251753084739903,0
lsa-mnist-attack-smoke-20261004,2,4,conv1,std,0.0005211401708717311,0
lsa-mnist-attack-smoke-20261004,2,4,conv1,median,0.00010525435209274292,0
lsa-mnist-attack-smoke-20261004,2,4,conv1,min,-0.0008020550012588501,0
lsa-mnist-attack-smoke-20261004,2,4,conv1,max,0.0018866583704948425,0
lsa-mnist-attack-smoke-20261004,2,4,conv1,l1,0.06052015314344317,0
lsa-mnist-attack-smoke-20261004,2,4,conv1,l2,0.007320838130949476,0
lsa-mnist-attack-smoke-20261004,2,4,conv1,max_abs,0.0018866583704948425,0
lsa-mnist-attack-smoke-20261004,2,4,conv1,sparsity,0.0,0
lsa-mnist-attack-smoke-20261004,2,4,conv1,skewness,1.2402508563489798,0
lsa-mnist-attack-smoke-20261004,2,4,conv1,kurtosis,1.4249541375121186,0
lsa-mnist-attack-smoke-20261004,2,4,conv2,mean,5.742134923178222e-05,0
lsa-mnist-attack-smoke-20261004,2,4,conv2,std,0.00032138032780521365,0
lsa-mnist-attack-smoke-20261004,2,4,conv2,median,1.1509284377098083e-05,0
lsa-mnist-attack-smoke-20261004,2,4,conv2,min,-0.0015722643584012985,0
lsa-mnist-attack-smoke-20261004,2,4,conv2,max,0.00246414914727211,0
lsa-mnist-attack-smoke-20261004,2,4,conv2,l1,0.875508987246576,0
lsa-mnist-attack-smoke-20261004,2,4,conv2,l2,0.022238321040890695,0
lsa-mnist-attack-smoke-20261004,2,4,conv2,max_abs,0.00246414914727211,0
lsa-mnist-attack-smoke-20261004,2,4,conv2,sparsity,0.00021551724137931034,0
lsa-mnist-attack-smoke-20261004,2,4,conv2,skewness,1.7509891727798046,0
lsa-mnist-attack-smoke-20261004,2,4,conv2,kurtosis,10.080709566582032,0
lsa-mnist-attack-smoke-20261004,2,4,fc1,mean,1.397043941396432e-05,0
lsa-mnist-attack-smoke-20261004,2,4,fc1,std,0.00021323367554193558,0
lsa-mnist-attack-smoke-20261004,2,4,fc1,median,0.0,0
lsa-mnist-attack-smoke-20261004,2,4,fc1,min,-0.0029999464750289917,0
lsa-mnist-attack-smoke-20261004,2,4,fc1,max,0.003665410913527012,0
lsa-mnist-attack-smoke-20261004,2,4,fc1,l1,10.375551961881683,0
lsa-mnist-attack-smoke-20261004,2,4,fc1,l2,0.06771538588870545,0
lsa-mnist-attack-smoke-20261004,2,4,fc1,max_abs,0.003665410913527012,0
lsa-mnist-attack-smoke-20261004,2,4,fc1,sparsity,0.07089507648183556,0
lsa-mnist-attack-smoke-20261004,2,4,fc1,skewness,1.1547164053515893,0
lsa-mnist-attack-smoke-20261004,2,4,fc1,kurtosis,26.143142431315002,0
lsa-mnist-attack-smoke-20261004,2,4,output,mean,-2.2826358102835142e-10,0
lsa-mnist-attack-smoke-20261004,2,4,output,std,0.000671763948925985,0
lsa-mnist-attack-smoke-20261004,2,4,output,median,-1.1656433343887329e-05,0
lsa-mnist-attack-smoke-20261004,2,4,output,min,-0.004601471126079559,0
lsa-mnist-attack-smoke-20261004,2,4,output,max,0.005629546940326691,0
lsa-mnist-attack-smoke-20261004,2,4,output,l1,0.2546876331907697,0
lsa-mnist-attack-smoke-20261004,2,4,output,l2,0.01712668742050971,0
lsa-mnist-attack-smoke-20261004,2,4,output,max_abs,0.005629546940326691,0
lsa-mnist-attack-smoke-20261004,2,4,output,sparsity,0.015384615384615385,0
lsa-mnist-attack-smoke-20261004,2,4,output,skewness,1.1383805928515494,0
lsa-mnist-attack-smoke-20261004,2,4,output,kurtosis,14.120788204100329,0
