round,client_id,whole_update_l1,whole_update_l2,whole_update_max_abs,ground_truth,whole_update_cosine_to_global_parameters
1,0,11.483549118041992,0.08960799872875214,0.03827105090022087,1,-7.775272388244048e-05
1,1,11.419069290161133,0.0685686320066452,0.004067808389663696,0,-0.010504456236958504
1,2,11.098865509033203,0.06829556822776794,0.0034222789108753204,0,-0.0054978737607598305
1,3,12.26773738861084,0.07601351290941238,0.004620589315891266,0,-0.008047942072153091
1,4,11.9761381149292,0.07433000206947327,0.006074748933315277,0,-0.009393774904310703
2,0,11.117053985595703,0.09077967703342438,0.036903560161590576,1,0.03336586803197861
2,1,10.992097854614258,0.06846128404140472,0.0038761869072914124,0,0.031223906204104424
2,2,11.002004623413086,0.06991241872310638,0.0036575188860297203,0,0.03468458727002144
2,3,11.76637077331543,0.07482868432998657,0.003990854136645794,0,0.03321266546845436
2,4,11.566268920898438,0.07366703450679779,0.005629546940326691,0,0.031881678849458694
